"Authors","Author full names","Author(s) ID","Title","Year","Source title","Volume","Issue","Art. No.","Page start","Page end","Page count","Cited by","DOI","Link","Document Type","Publication Stage","Open Access","Source","EID"
"Jiang P.; Nie Y.; Wang J.; Huang X.","Jiang, Ping (56167438300); Nie, Ying (57215071390); Wang, Jianzhou (56380147600); Huang, Xiaojia (57839774100)","56167438300; 57215071390; 56380147600; 57839774100","Multivariable short-term electricity price forecasting using artificial intelligence and multi-input multi-output scheme","2023","Energy Economics","117","","106471","","","","16","10.1016/j.eneco.2022.106471","https://www.scopus.com/inward/record.uri?eid=2-s2.0-85144629267&doi=10.1016%2fj.eneco.2022.106471&partnerID=40&md5=9b38f7402319d083dade5029390da2d6","Article","Final","","Scopus","2-s2.0-85144629267"
"Banitalebi B.; Appadoo S.S.; Gajpal Y.; Thavaneswaran A.","Banitalebi, Behrouz (55387795900); Appadoo, Srimantoorao S. (9846328200); Gajpal, Yuvraj (12139973100); Thavaneswaran, Aerambamoorthy (6701817323)","55387795900; 9846328200; 12139973100; 6701817323","Intelligent probabilistic forecasts of day-ahead electricity prices in a highly volatile power market","2021","Proceedings - 2021 IEEE 45th Annual Computers, Software, and Applications Conference, COMPSAC 2021","","","","166","175","9","3","10.1109/COMPSAC51774.2021.00034","https://www.scopus.com/inward/record.uri?eid=2-s2.0-85115825447&doi=10.1109%2fCOMPSAC51774.2021.00034&partnerID=40&md5=a0cba41f5782884d1eb8be93cab3e759","Conference paper","Final","","Scopus","2-s2.0-85115825447"
"Afrasiabi M.; Mohammadi M.; Rastegar M.; Kargarian A.","Afrasiabi, Mousa (57208128345); Mohammadi, Mohammad (56501398300); Rastegar, Mohammad (24802318500); Kargarian, Amin (49863648400)","57208128345; 56501398300; 24802318500; 49863648400","Probabilistic deep neural network price forecasting based on residential load and wind speed predictions","2019","IET Renewable Power Generation","13","11","","1840","1848","8","34","10.1049/iet-rpg.2018.6257","https://www.scopus.com/inward/record.uri?eid=2-s2.0-85070327879&doi=10.1049%2fiet-rpg.2018.6257&partnerID=40&md5=8d56231459f25cafd306e0de26ac74b2","Article","Final","","Scopus","2-s2.0-85070327879"
"Bhagat M.; Alamaniotis M.; Fevgas A.","Bhagat, Manan (57212082268); Alamaniotis, Miltiadis (34968907400); Fevgas, Athanasios (36536808800)","57212082268; 34968907400; 36536808800","Extreme Interval Electricity Price Forecasting of Wholesale Markets Integrating ELM and Fuzzy Inference","2019","10th International Conference on Information, Intelligence, Systems and Applications, IISA 2019","","","8900703","","","","5","10.1109/IISA.2019.8900703","https://www.scopus.com/inward/record.uri?eid=2-s2.0-85075867620&doi=10.1109%2fIISA.2019.8900703&partnerID=40&md5=20523ab4981a8f62a187a7b0a24c2e05","Conference paper","Final","","Scopus","2-s2.0-85075867620"
"Serafin T.; Marcjasz G.; Weron R.","Serafin, Tomasz (36180080500); Marcjasz, Grzegorz (57191913744); Weron, Rafał (6603869283)","36180080500; 57191913744; 6603869283","Trading on short-term path forecasts of intraday electricity prices","2022","Energy Economics","112","","106125","","","","5","10.1016/j.eneco.2022.106125","https://www.scopus.com/inward/record.uri?eid=2-s2.0-85133956335&doi=10.1016%2fj.eneco.2022.106125&partnerID=40&md5=acd57db6e44f9d70be1dac124ef84669","Article","Final","All Open Access; Green Open Access","Scopus","2-s2.0-85133956335"
"Matsumoto T.; Endo M.","Matsumoto, Takuji (57204842253); Endo, Misao (36508459800)","57204842253; 36508459800","Electricity price forecast based on weekly weather forecast and its application to arbitrage in the forward market","2021","2021 11th International Conference on Power, Energy and Electrical Engineering, CPEEE 2021","","","9383387","104","111","7","4","10.1109/CPEEE51686.2021.9383387","https://www.scopus.com/inward/record.uri?eid=2-s2.0-85103987193&doi=10.1109%2fCPEEE51686.2021.9383387&partnerID=40&md5=0036fa0331aef176753d0e0311a4247c","Conference paper","Final","","Scopus","2-s2.0-85103987193"
"Toubeau J.-F.; Nguyen T.-H.; Khaloie H.; Wang Y.; Vallee F.","Toubeau, Jean-Franeois (56296970000); Nguyen, Thuy-Hai (57317237800); Khaloie, Hooman (57204460641); Wang, Yi (57223032385); Vallee, Franeois (58775886500)","56296970000; 57317237800; 57204460641; 57223032385; 58775886500","Forecast-Driven Stochastic Scheduling of a Virtual Power Plant in Energy and Reserve Markets","2022","IEEE Systems Journal","16","4","","5212","5223","11","2","10.1109/JSYST.2021.3114445","https://www.scopus.com/inward/record.uri?eid=2-s2.0-85118258322&doi=10.1109%2fJSYST.2021.3114445&partnerID=40&md5=065ac00f0b8045916458d2c4a144d8f3","Article","Final","","Scopus","2-s2.0-85118258322"
"Bernardi M.; Lisi F.","Bernardi, Mauro (57214434675); Lisi, Francesco (7003320394)","57214434675; 7003320394","Point and interval forecasting of zonal electricity prices and demand using heteroscedastic models: The ipex case","2020","Energies","13","23","6191","","","","4","10.3390/en13236191","https://www.scopus.com/inward/record.uri?eid=2-s2.0-85107125417&doi=10.3390%2fen13236191&partnerID=40&md5=76983041008fc38f8be791f322e6ac1f","Article","Final","All Open Access; Gold Open Access; Green Open Access","Scopus","2-s2.0-85107125417"
"Zaffran M.; Féron O.; Goude Y.; Josse J.; Dieuleveut A.","Zaffran, Margaux (57215610011); Féron, Olivier (7006772145); Goude, Yannig (55326700600); Josse, Julie (24461842500); Dieuleveut, Aymeric (57190190042)","57215610011; 7006772145; 55326700600; 24461842500; 57190190042","Adaptive Conformal Predictions for Time Series","2022","Proceedings of Machine Learning Research","162","","","25834","25866","32","9","","https://www.scopus.com/inward/record.uri?eid=2-s2.0-85163089038&partnerID=40&md5=3a32abbe364b4534c14083b9edbf7e87","Conference paper","Final","","Scopus","2-s2.0-85163089038"
"Lemke F.","Lemke, Frank (23019107200)","23019107200","Probabilistic Energy Forecasting Based on Self-organizing Inductive Modeling","2019","Advances in Intelligent Systems and Computing","871","","","405","420","15","3","10.1007/978-3-030-01069-0_29","https://www.scopus.com/inward/record.uri?eid=2-s2.0-85057822457&doi=10.1007%2f978-3-030-01069-0_29&partnerID=40&md5=cd9c576e7266bfb854c52c4e8bf4e3a7","Conference paper","Final","","Scopus","2-s2.0-85057822457"
"Zhou T.H.; Sun C.H.; Wang L.; Hu G.L.","Zhou, Tie Hua (25653175700); Sun, Cong Hui (57204778982); Wang, Ling (57190281164); Hu, Gong Liang (57202424466)","25653175700; 57204778982; 57190281164; 57202424466","Real-time electricity pricing trend forecasting based on multi-density clustering and sequence pattern mining","2019","Smart Innovation, Systems and Technologies","109","","","19","26","7","0","10.1007/978-3-030-03745-1_3","https://www.scopus.com/inward/record.uri?eid=2-s2.0-85057091147&doi=10.1007%2f978-3-030-03745-1_3&partnerID=40&md5=8e2b33ce311a055f23885d97c8816a68","Conference paper","Final","","Scopus","2-s2.0-85057091147"
"Díaz G.; Coto J.; Gómez-Aleixandre J.","Díaz, Guzmán (7201671513); Coto, José (35179011500); Gómez-Aleixandre, Javier (6506254895)","7201671513; 35179011500; 6506254895","Prediction and explanation of the formation of the Spanish day-ahead electricity price through machine learning regression","2019","Applied Energy","239","","","610","625","15","34","10.1016/j.apenergy.2019.01.213","https://www.scopus.com/inward/record.uri?eid=2-s2.0-85061029972&doi=10.1016%2fj.apenergy.2019.01.213&partnerID=40&md5=b63d7183c4ca502872c554da6665a68a","Article","Final","","Scopus","2-s2.0-85061029972"
"Huang C.; Zhang H.; Song Y.; Wang L.; Ahmad T.; Luo X.","Huang, Chao (57201908781); Zhang, Hongcai (57187904200); Song, Yonghua (55522831400); Wang, Long (56840955900); Ahmad, Tanveer (57198996464); Luo, Xiong (13408498900)","57201908781; 57187904200; 55522831400; 56840955900; 57198996464; 13408498900","Demand Response for Industrial Micro-Grid Considering Photovoltaic Power Uncertainty and Battery Operational Cost","2021","IEEE Transactions on Smart Grid","12","4","9328546","3043","3055","12","57","10.1109/TSG.2021.3052515","https://www.scopus.com/inward/record.uri?eid=2-s2.0-85099728062&doi=10.1109%2fTSG.2021.3052515&partnerID=40&md5=4838cec0eaf4a899cb4cbda96d9b3408","Article","Final","","Scopus","2-s2.0-85099728062"
"Muni S.P.; Sharma R.","Muni, Soumya Prateek (57224399038); Sharma, Renu (57196545270)","57224399038; 57196545270","Short-term electricity price prediction using kernel-based machine learning techniques","2021","1st Odisha International Conference on Electrical Power Engineering, Communication and Computing Technology, ODICON 2021","","","9428972","","","","2","10.1109/ODICON50556.2021.9428972","https://www.scopus.com/inward/record.uri?eid=2-s2.0-85107516183&doi=10.1109%2fODICON50556.2021.9428972&partnerID=40&md5=0ed2db7b6ca64861fdab6a2f005694c6","Conference paper","Final","","Scopus","2-s2.0-85107516183"
"Uniejewski B.","Uniejewski, Bartosz (57190750639)","57190750639","Enhancing Accuracy of Probabilistic Electricity Price Forecasting: A Comparative Study of Novel Quantile Regression Averaging Generalization","2023","International Conference on the European Energy Market, EEM","2023-June","","","","","","0","10.1109/EEM58374.2023.10161748","https://www.scopus.com/inward/record.uri?eid=2-s2.0-85165225090&doi=10.1109%2fEEM58374.2023.10161748&partnerID=40&md5=8a42bd343983ca918cde2de9a47c2b2a","Conference paper","Final","","Scopus","2-s2.0-85165225090"
"Uniejewski B.; Marcjasz G.; Weron R.","Uniejewski, Bartosz (57190750639); Marcjasz, Grzegorz (57191913744); Weron, Rafał (6603869283)","57190750639; 57191913744; 6603869283","On the importance of the long-term seasonal component in day-ahead electricity price forecasting: Part II — Probabilistic forecasting","2019","Energy Economics","79","","","171","182","11","33","10.1016/j.eneco.2018.02.007","https://www.scopus.com/inward/record.uri?eid=2-s2.0-85042943811&doi=10.1016%2fj.eneco.2018.02.007&partnerID=40&md5=60924a00bde615fb0727710938e42a09","Article","Final","All Open Access; Green Open Access","Scopus","2-s2.0-85042943811"
"Cornell C.; Dinh N.T.; Pourmousavi S.A.","Cornell, Cameron (58581461700); Dinh, Nam Trong (57375679100); Pourmousavi, S. Ali (57271630900)","58581461700; 57375679100; 57271630900","A probabilistic forecast methodology for volatile electricity prices in the Australian National Electricity Market","2024","International Journal of Forecasting","","","","","","","0","10.1016/j.ijforecast.2023.12.003","https://www.scopus.com/inward/record.uri?eid=2-s2.0-85182444978&doi=10.1016%2fj.ijforecast.2023.12.003&partnerID=40&md5=6099e5797124b4bd5619749b06d9ff31","Article","Article in press","All Open Access; Green Open Access; Hybrid Gold Open Access","Scopus","2-s2.0-85182444978"
"Marcjasz G.; Uniejewski B.; Weron R.","Marcjasz, Grzegorz (57191913744); Uniejewski, Bartosz (57190750639); Weron, Rafał (6603869283)","57191913744; 57190750639; 6603869283","Probabilistic electricity price forecasting with NARX networks: Combine point or probabilistic forecasts?","2020","International Journal of Forecasting","36","2","","466","479","13","32","10.1016/j.ijforecast.2019.07.002","https://www.scopus.com/inward/record.uri?eid=2-s2.0-85068797376&doi=10.1016%2fj.ijforecast.2019.07.002&partnerID=40&md5=54f8ec8eca7a6f44966470ec503036ea","Article","Final","","Scopus","2-s2.0-85068797376"
"Liu H.; Shen X.; Tang X.; Liu J.","Liu, Huixin (58487685900); Shen, Xiaodong (55103480700); Tang, Xisheng (15840455500); Liu, Junyong (55851922500)","58487685900; 55103480700; 15840455500; 55851922500","Day-Ahead Electricity Price Probabilistic Forecasting Based on SHAP Feature Selection and LSTNet Quantile Regression","2023","Energies","16","13","5152","","","","0","10.3390/en16135152","https://www.scopus.com/inward/record.uri?eid=2-s2.0-85164814077&doi=10.3390%2fen16135152&partnerID=40&md5=bb272fc08a0adc60bc7002eee494b724","Article","Final","All Open Access; Gold Open Access","Scopus","2-s2.0-85164814077"
"Taylor J.W.","Taylor, James W. (55741195700)","55741195700","Evaluating quantile-bounded and expectile-bounded interval forecasts","2021","International Journal of Forecasting","37","2","","800","811","11","7","10.1016/j.ijforecast.2020.09.007","https://www.scopus.com/inward/record.uri?eid=2-s2.0-85092490598&doi=10.1016%2fj.ijforecast.2020.09.007&partnerID=40&md5=09fbdcb79b808e8204f926decbff88b0","Article","Final","All Open Access; Green Open Access","Scopus","2-s2.0-85092490598"
"Abramova E.; Bunn D.","Abramova, Ekaterina (57214780021); Bunn, Derek (7007068246)","57214780021; 7007068246","Forecasting the intra-day spread densities of electricity prices","2020","Energies","13","3","687","","","","9","10.3390/en13030687","https://www.scopus.com/inward/record.uri?eid=2-s2.0-85079086086&doi=10.3390%2fen13030687&partnerID=40&md5=db5a025f87b48f65851f148c87a56a08","Article","Final","All Open Access; Gold Open Access; Green Open Access","Scopus","2-s2.0-85079086086"
"Van Der Heijden T.; Palensky P.; Van De Giesen N.; Abraham E.","Van Der Heijden, Ties (57347605800); Palensky, Peter (8517464000); Van De Giesen, Nick (6603507671); Abraham, Edo (57254673500)","57347605800; 8517464000; 6603507671; 57254673500","Day Ahead Market price scenario generation using a Combined Quantile Regression Deep Neural Network and a Non-parametric Bayesian Network","2022","2022 IEEE International Conference on Power Systems Technology: Embracing Advanced Technology in Power and Energy Systems for Sustainable Development, POWERCON 2022","","","","","","","1","10.1109/POWERCON53406.2022.9929940","https://www.scopus.com/inward/record.uri?eid=2-s2.0-85142282431&doi=10.1109%2fPOWERCON53406.2022.9929940&partnerID=40&md5=e929a30a03a7636c40c0b63265f7c4ec","Conference paper","Final","All Open Access; Green Open Access","Scopus","2-s2.0-85142282431"
"Leisen F.; Rossini L.; Villa C.","Leisen, Fabrizio (26028933900); Rossini, Luca (57191924030); Villa, Cristiano (56074156600)","26028933900; 57191924030; 56074156600","Loss-based approach to two-piece location-scale distributions with applications to dependent data","2020","Statistical Methods and Applications","29","2","","309","333","24","3","10.1007/s10260-019-00481-x","https://www.scopus.com/inward/record.uri?eid=2-s2.0-85068218118&doi=10.1007%2fs10260-019-00481-x&partnerID=40&md5=a001bf2a9bcee0fcd564c6d88662797e","Article","Final","All Open Access; Green Open Access; Hybrid Gold Open Access","Scopus","2-s2.0-85068218118"
"Banitalebi B.; Hoque M.E.; Appadoo S.S.; Thavaneswaran A.","Banitalebi, Behrouz (55387795900); Hoque, Md. Erfanul (56385112700); Appadoo, Srimantoorao S. (9846328200); Thavaneswaran, Aerambamoorthy (6701817323)","55387795900; 56385112700; 9846328200; 6701817323","Regularized Probabilistic Forecasting of Electricity Wholesale Price and Demand","2020","2020 IEEE Symposium Series on Computational Intelligence, SSCI 2020","","","9308333","28","35","7","4","10.1109/SSCI47803.2020.9308333","https://www.scopus.com/inward/record.uri?eid=2-s2.0-85099689289&doi=10.1109%2fSSCI47803.2020.9308333&partnerID=40&md5=f05a492d7647b29aeea6e43afca9289f","Conference paper","Final","","Scopus","2-s2.0-85099689289"
"Tina G.M.; Ventura C.; Ferlito S.; De Vito S.","Tina, Giuseppe Marco (6603483352); Ventura, Cristina (36841662000); Ferlito, Sergio (56242445900); De Vito, Saverio (16425408900)","6603483352; 36841662000; 56242445900; 16425408900","A state-of-art-review on machine-learning based methods for PV","2021","Applied Sciences (Switzerland)","11","16","7550","","","","48","10.3390/app11167550","https://www.scopus.com/inward/record.uri?eid=2-s2.0-85113769512&doi=10.3390%2fapp11167550&partnerID=40&md5=fd00ff6292df52fc9acb372fb00ea2b2","Review","Final","All Open Access; Gold Open Access; Green Open Access","Scopus","2-s2.0-85113769512"
"Yang W.; Wang J.; Niu T.; Du P.","Yang, Wendong (57191974753); Wang, Jianzhou (56380147600); Niu, Tong (57193523842); Du, Pei (57190880827)","57191974753; 56380147600; 57193523842; 57190880827","A novel system for multi-step electricity price forecasting for electricity market management","2020","Applied Soft Computing Journal","88","","106029","","","","71","10.1016/j.asoc.2019.106029","https://www.scopus.com/inward/record.uri?eid=2-s2.0-85076864741&doi=10.1016%2fj.asoc.2019.106029&partnerID=40&md5=7f2ec1222da98a76d67302565cd14acf","Article","Final","","Scopus","2-s2.0-85076864741"
"Iacopini M.; Ravazzolo F.; Rossini L.","Iacopini, Matteo (57217592674); Ravazzolo, Francesco (25825535500); Rossini, Luca (57191924030)","57217592674; 25825535500; 57191924030","Proper Scoring Rules for Evaluating Density Forecasts with Asymmetric Loss Functions","2022","Journal of Business and Economic Statistics","","","","","","","0","10.1080/07350015.2022.2035229","https://www.scopus.com/inward/record.uri?eid=2-s2.0-85126441305&doi=10.1080%2f07350015.2022.2035229&partnerID=40&md5=00698935d833e133d7dc0f12ae00575f","Article","Article in press","All Open Access; Green Open Access; Hybrid Gold Open Access","Scopus","2-s2.0-85126441305"
"Jahns C.; Weber C.","Jahns, Christopher (57246127200); Weber, Christoph (12780039300)","57246127200; 12780039300","Probabilistic Forecasting of Reserve Power Prices in Germany using Quantile Regression","2019","International Conference on the European Energy Market, EEM","2019-September","","8916228","","","","1","10.1109/EEM.2019.8916228","https://www.scopus.com/inward/record.uri?eid=2-s2.0-85076691114&doi=10.1109%2fEEM.2019.8916228&partnerID=40&md5=a36d4e1e933f1a9f50ea337b48bddb16","Conference paper","Final","","Scopus","2-s2.0-85076691114"
"Chaweewat P.; Singh J.G.","Chaweewat, Pornchai (56245225400); Singh, Jai Govind (37462123800)","56245225400; 37462123800","An electricity price interval forecasting by using residual neural network","2020","International Transactions on Electrical Energy Systems","30","9","e12506","","","","6","10.1002/2050-7038.12506","https://www.scopus.com/inward/record.uri?eid=2-s2.0-85086450439&doi=10.1002%2f2050-7038.12506&partnerID=40&md5=fdb91b6e22f10f01108cd8de5a851ec1","Article","Final","All Open Access; Bronze Open Access","Scopus","2-s2.0-85086450439"
"Vogler A.; Ziel F.","Vogler, Arne (57225914845); Ziel, Florian (56449069200)","57225914845; 56449069200","Event-Based Evaluation of Electricity Price Ensemble Forecasts","2022","Forecasting","4","1","","51","71","20","2","10.3390/forecast4010004","https://www.scopus.com/inward/record.uri?eid=2-s2.0-85142786535&doi=10.3390%2fforecast4010004&partnerID=40&md5=ee18d698e89449c12fa6c208bed712c0","Article","Final","All Open Access; Gold Open Access","Scopus","2-s2.0-85142786535"
"Campos V.; Osorio G.; Shafie-Khah M.; Lotfi M.; Catalao J.P.S.","Campos, Vasco (57205226531); Osorio, Gerardo (54783251300); Shafie-Khah, Miadreza (36895187100); Lotfi, Mohamed (57204911444); Catalao, Joao P. S. (57204848031)","57205226531; 54783251300; 36895187100; 57204911444; 57204848031","Short-Term Hybrid Probabilistic Forecasting Model for Electricity Market Prices","2018","2018 20th International Middle East Power Systems Conference, MEPCON 2018 - Proceedings","","","8635145","962","967","5","1","10.1109/MEPCON.2018.8635145","https://www.scopus.com/inward/record.uri?eid=2-s2.0-85062845549&doi=10.1109%2fMEPCON.2018.8635145&partnerID=40&md5=cbd5bd20f632c34cedaaf21466c8aaf2","Conference paper","Final","","Scopus","2-s2.0-85062845549"
"Uniejewski B.; Weron R.","Uniejewski, Bartosz (57190750639); Weron, Rafał (6603869283)","57190750639; 6603869283","Regularized quantile regression averaging for probabilistic electricity price forecasting","2021","Energy Economics","95","","105121","","","","33","10.1016/j.eneco.2021.105121","https://www.scopus.com/inward/record.uri?eid=2-s2.0-85099644357&doi=10.1016%2fj.eneco.2021.105121&partnerID=40&md5=c6981e34a3c075d3fb54d65c9f582a20","Article","Final","All Open Access; Green Open Access","Scopus","2-s2.0-85099644357"
"Ruan G.; Wang J.; Zhong H.; Xia Q.; Kang C.","Ruan, Guangchun (57202424533); Wang, Jianxiao (56927561300); Zhong, Haiwang (55771206200); Xia, Qing (57216643136); Kang, Chongqing (7402312938)","57202424533; 56927561300; 55771206200; 57216643136; 7402312938","Improving Sample Efficiency of Deep Learning Models in Electricity Market","2023","IEEE Transactions on Power Systems","38","5","","4761","4773","12","1","10.1109/TPWRS.2022.3214432","https://www.scopus.com/inward/record.uri?eid=2-s2.0-85140800754&doi=10.1109%2fTPWRS.2022.3214432&partnerID=40&md5=26b0db54710c71ac404543342eb3bda2","Article","Final","All Open Access; Green Open Access","Scopus","2-s2.0-85140800754"
"Billé A.G.; Gianfreda A.; Del Grosso F.; Ravazzolo F.","Billé, Anna Gloria (55819606100); Gianfreda, Angelica (35091043700); Del Grosso, Filippo (57564628600); Ravazzolo, Francesco (25825535500)","55819606100; 35091043700; 57564628600; 25825535500","Forecasting electricity prices with expert, linear, and nonlinear models","2023","International Journal of Forecasting","39","2","","570","586","16","10","10.1016/j.ijforecast.2022.01.003","https://www.scopus.com/inward/record.uri?eid=2-s2.0-85127718111&doi=10.1016%2fj.ijforecast.2022.01.003&partnerID=40&md5=84195273ec01a47bcb448d0d2f61f8d8","Article","Final","","Scopus","2-s2.0-85127718111"
"Mashlakov A.; Kuronen T.; Lensu L.; Kaarna A.; Honkapuro S.","Mashlakov, Aleksei (57204436835); Kuronen, Toni (56974080800); Lensu, Lasse (6508033274); Kaarna, Arto (6701437524); Honkapuro, Samuli (6506158722)","57204436835; 56974080800; 6508033274; 6701437524; 6506158722","Assessing the performance of deep learning models for multivariate probabilistic energy forecasting","2021","Applied Energy","285","","116405","","","","39","10.1016/j.apenergy.2020.116405","https://www.scopus.com/inward/record.uri?eid=2-s2.0-85099459479&doi=10.1016%2fj.apenergy.2020.116405&partnerID=40&md5=9d2fd2f538c58b9307c2331b5dace84f","Article","Final","All Open Access; Green Open Access; Hybrid Gold Open Access","Scopus","2-s2.0-85099459479"
"Osório G.J.; Lotfi M.; Shafie-khah M.; Campos V.M.A.; Catalão J.P.S.","Osório, Gerardo J. (54783251300); Lotfi, Mohamed (57204911444); Shafie-khah, Miadreza (36895187100); Campos, Vasco M.A. (57205226531); Catalão, João P.S. (57204848031)","54783251300; 57204911444; 36895187100; 57205226531; 57204848031","Hybrid forecasting model for short-term electricity market prices with renewable integration","2019","Sustainability (Switzerland)","11","1","57","","","","16","10.3390/su11010057","https://www.scopus.com/inward/record.uri?eid=2-s2.0-85059193259&doi=10.3390%2fsu11010057&partnerID=40&md5=651a58d153612c4cc2937a6a80a63a2a","Article","Final","All Open Access; Gold Open Access; Green Open Access","Scopus","2-s2.0-85059193259"
"Zhang C.; Fu Y.","Zhang, Chenxu (57204244211); Fu, Yong (36136782200)","57204244211; 36136782200","Probabilistic Electricity Price Forecast with Optimal Prediction Interval","2024","IEEE Transactions on Power Systems","39","1","","442","452","10","0","10.1109/TPWRS.2023.3235193","https://www.scopus.com/inward/record.uri?eid=2-s2.0-85147201316&doi=10.1109%2fTPWRS.2023.3235193&partnerID=40&md5=dc29def16540afcb6636c1131487a964","Article","Final","","Scopus","2-s2.0-85147201316"
"Janczura J.; Puć A.","Janczura, Joanna (24801901600); Puć, Andrzej (57541466100)","24801901600; 57541466100","ARX-GARCH Probabilistic Price Forecasts for Diversification of Trade in Electricity Markets—Variance Stabilizing Transformation and Financial Risk-Minimizing Portfolio Allocation","2023","Energies","16","2","807","","","","2","10.3390/en16020807","https://www.scopus.com/inward/record.uri?eid=2-s2.0-85146593855&doi=10.3390%2fen16020807&partnerID=40&md5=c887a0be362e6b0c780977df5ba3b47c","Article","Final","All Open Access; Gold Open Access","Scopus","2-s2.0-85146593855"
"Serafin T.; Uniejewski B.; Weron R.","Serafin, Tomasz (36180080500); Uniejewski, Bartosz (57190750639); Weron, Rafał (6603869283)","36180080500; 57190750639; 6603869283","Averaging predictive distributions across calibration windows for day-ahead electricity price forecasting","2019","Energies","12","13","256","","","","20","10.3390/en12132561","https://www.scopus.com/inward/record.uri?eid=2-s2.0-85068739570&doi=10.3390%2fen12132561&partnerID=40&md5=cd712b6f7ed4d17bc8445cd1e1a19f3e","Article","Final","All Open Access; Gold Open Access; Green Open Access","Scopus","2-s2.0-85068739570"
"Dudek G.","Dudek, Grzegorz (14522168200)","14522168200","Probabilistic forecasting of electricity prices using kernel regression","2018","International Conference on the European Energy Market, EEM","2018-June","","8469930","","","","6","10.1109/EEM.2018.8469930","https://www.scopus.com/inward/record.uri?eid=2-s2.0-85055515092&doi=10.1109%2fEEM.2018.8469930&partnerID=40&md5=1ad4b279f565e9fcc804bb44e87e1bd3","Conference paper","Final","","Scopus","2-s2.0-85055515092"
"Kostrzewski M.; Kostrzewska J.","Kostrzewski, Maciej (55443054200); Kostrzewska, Jadwiga (57202389539)","55443054200; 57202389539","Probabilistic electricity price forecasting with Bayesian stochastic volatility models","2019","Energy Economics","80","","","610","620","10","34","10.1016/j.eneco.2019.02.004","https://www.scopus.com/inward/record.uri?eid=2-s2.0-85062223241&doi=10.1016%2fj.eneco.2019.02.004&partnerID=40&md5=1590cb1f7197e294f20c7d97b39abafc","Article","Final","","Scopus","2-s2.0-85062223241"
"Viviani E.; Di Persio L.; Ehrhardt M.","Viviani, Emma (57223847745); Di Persio, Luca (57203636440); Ehrhardt, Matthias (7005744071)","57223847745; 57203636440; 7005744071","Energy markets forecasting. From inferential statistics to machine learning: The german case","2021","Energies","14","2","364","","","","6","10.3390/en14020364","https://www.scopus.com/inward/record.uri?eid=2-s2.0-85106311164&doi=10.3390%2fen14020364&partnerID=40&md5=8920452c5323df9fa1fc54ddc54681e5","Article","Final","All Open Access; Gold Open Access; Green Open Access","Scopus","2-s2.0-85106311164"
"Liu F.; Liu Q.; Tao Q.; Huang Y.; Li D.; Sidorov D.","Liu, Fang (57022520400); Liu, Qianyi (57191255274); Tao, Qing (57209618669); Huang, Yucong (57917230300); Li, Danyun (53881467900); Sidorov, Denis (15060736400)","57022520400; 57191255274; 57209618669; 57917230300; 53881467900; 15060736400","Deep reinforcement learning based energy storage management strategy considering prediction intervals of wind power","2023","International Journal of Electrical Power and Energy Systems","145","","108608","","","","9","10.1016/j.ijepes.2022.108608","https://www.scopus.com/inward/record.uri?eid=2-s2.0-85139276356&doi=10.1016%2fj.ijepes.2022.108608&partnerID=40&md5=bf26c55121c57ad910dad6e85f145f30","Article","Final","","Scopus","2-s2.0-85139276356"
"Muniain P.; Ziel F.","Muniain, Peru (57193622683); Ziel, Florian (56449069200)","57193622683; 56449069200","Probabilistic forecasting in day-ahead electricity markets: Simulating peak and off-peak prices","2020","International Journal of Forecasting","36","4","","1193","1210","17","22","10.1016/j.ijforecast.2019.11.006","https://www.scopus.com/inward/record.uri?eid=2-s2.0-85078304861&doi=10.1016%2fj.ijforecast.2019.11.006&partnerID=40&md5=4ab21231c3ff5e9ee9ab2cc97a419328","Article","Final","All Open Access; Green Open Access","Scopus","2-s2.0-85078304861"
"Ding Y.; Fu Y.; Ye K.; Li T.","Ding, Yuxin (58002209100); Fu, Yuetong (57223233868); Ye, Kexin (58000904700); Li, Tianran (55615991500)","58002209100; 57223233868; 58000904700; 55615991500","Probability Density Forecast of Day-ahead Electricity Price Based on EEMD-QRDCC","2022","Proceedings - 2022 Asian Conference on Frontiers of Power and Energy, ACFPE 2022","","","","277","281","4","0","10.1109/ACFPE56003.2022.9952221","https://www.scopus.com/inward/record.uri?eid=2-s2.0-85143782711&doi=10.1109%2fACFPE56003.2022.9952221&partnerID=40&md5=4e6dc7f3d519f4617f90f499b2c6f766","Conference paper","Final","","Scopus","2-s2.0-85143782711"
"Cantillo-Luna S.; Moreno-Chuquen R.; Lopez-Sotelo J.; Celeita D.","Cantillo-Luna, Sergio (57789500500); Moreno-Chuquen, Ricardo (15758018600); Lopez-Sotelo, Jesus (57193715939); Celeita, David (56879190400)","57789500500; 15758018600; 57193715939; 56879190400","An Intra-Day Electricity Price Forecasting Based on a Probabilistic Transformer Neural Network Architecture","2023","Energies","16","19","6767","","","","0","10.3390/en16196767","https://www.scopus.com/inward/record.uri?eid=2-s2.0-85173991427&doi=10.3390%2fen16196767&partnerID=40&md5=ffbfd3fcdb9f9f66e8bf6101c8f3985a","Article","Final","All Open Access; Gold Open Access","Scopus","2-s2.0-85173991427"
"Jin A.; Lee D.; Park J.-B.; Roh J.H.","Jin, Arim (58184082300); Lee, Dahan (57212194997); Park, Jong-Bae (46661391400); Roh, Jae Hyung (36620482400)","58184082300; 57212194997; 46661391400; 36620482400","Day-Ahead Electricity Market Price Forecasting Considering the Components of the Electricity Market Price; Using Demand Decomposition, Fuel Cost, and the Kernel Density Estimation","2023","Energies","16","7","3222","","","","0","10.3390/en16073222","https://www.scopus.com/inward/record.uri?eid=2-s2.0-85152519108&doi=10.3390%2fen16073222&partnerID=40&md5=b1ec3428f8e9fbe6708169b62e682e39","Article","Final","All Open Access; Gold Open Access","Scopus","2-s2.0-85152519108"
"Shao Z.; Yang Y.; Zheng Q.; Zhou K.; Liu C.; Yang S.","Shao, Zhen (57189701773); Yang, Yudie (57932480900); Zheng, Qingru (57213626392); Zhou, Kaile (55522197400); Liu, Chen (57213620633); Yang, Shanlin (7406950447)","57189701773; 57932480900; 57213626392; 55522197400; 57213620633; 7406950447","A pattern classification methodology for interval forecasts of short-term electricity prices based on hybrid deep neural networks: A comparative analysis","2022","Applied Energy","327","","120115","","","","4","10.1016/j.apenergy.2022.120115","https://www.scopus.com/inward/record.uri?eid=2-s2.0-85140099482&doi=10.1016%2fj.apenergy.2022.120115&partnerID=40&md5=864a35f5374b045423169803faff4118","Article","Final","","Scopus","2-s2.0-85140099482"
"Lu X.; Qiu J.; Lei G.; Zhu J.","Lu, Xin (57371567200); Qiu, Jing (55846308000); Lei, Gang (17434576900); Zhu, Jianguo (57022373100)","57371567200; 55846308000; 17434576900; 57022373100","An Interval Prediction Method for Day-Ahead Electricity Price in Wholesale Market Considering Weather Factors","2023","IEEE Transactions on Power Systems","","","","1","11","10","1","10.1109/TPWRS.2023.3301442","https://www.scopus.com/inward/record.uri?eid=2-s2.0-85166778465&doi=10.1109%2fTPWRS.2023.3301442&partnerID=40&md5=67e2b6dd7f41a5bef0e82c34aa4d1254","Article","Article in press","","Scopus","2-s2.0-85166778465"
"Lee D.; Shin H.; Baldick R.","Lee, Duehee (36677619100); Shin, Hunyoung (57195399871); Baldick, Ross (56350289900)","36677619100; 57195399871; 56350289900","Bivariate probabilistic wind power and real-time price forecasting and their applications to wind power bidding strategy development","2018","IEEE Transactions on Power Systems","33","6","8352041","6087","6097","10","47","10.1109/TPWRS.2018.2830785","https://www.scopus.com/inward/record.uri?eid=2-s2.0-85046369582&doi=10.1109%2fTPWRS.2018.2830785&partnerID=40&md5=4653d37d9f4e0f3d8f2e879230b094df","Article","Final","","Scopus","2-s2.0-85046369582"
"Chai S.; Li Q.; Abedin M.Z.; Lucey B.M.","Chai, Shanglei (56446349400); Li, Qiang (57874169200); Abedin, Mohammad Zoynul (57193336983); Lucey, Brian M. (57201834706)","56446349400; 57874169200; 57193336983; 57201834706","Forecasting electricity prices from the state-of-the-art modeling technology and the price determinant perspectives","2024","Research in International Business and Finance","67","","102132","","","","2","10.1016/j.ribaf.2023.102132","https://www.scopus.com/inward/record.uri?eid=2-s2.0-85173647880&doi=10.1016%2fj.ribaf.2023.102132&partnerID=40&md5=fad10974e52d5c8781b81236e6870a03","Review","Final","","Scopus","2-s2.0-85173647880"
"Toubeau J.-F.; Morstyn T.; Bottieau J.; Zheng K.; Apostolopoulou D.; De Greve Z.; Wang Y.; Vallee F.","Toubeau, Jean-Francois (56296970000); Morstyn, Thomas (56396999100); Bottieau, Jeremie (57202953911); Zheng, Kedi (57202960818); Apostolopoulou, Dimitra (55511179000); De Greve, Zacharie (35304648400); Wang, Yi (57223032385); Vallee, Francois (58775886500)","56296970000; 56396999100; 57202953911; 57202960818; 55511179000; 35304648400; 57223032385; 58775886500","Capturing Spatio-Temporal Dependencies in the Probabilistic Forecasting of Distribution Locational Marginal Prices","2021","IEEE Transactions on Smart Grid","12","3","9310216","2663","2674","11","15","10.1109/TSG.2020.3047863","https://www.scopus.com/inward/record.uri?eid=2-s2.0-85099081321&doi=10.1109%2fTSG.2020.3047863&partnerID=40&md5=8a0e926aaeb8ee80e1fccd38133dedd9","Article","Final","All Open Access; Green Open Access","Scopus","2-s2.0-85099081321"
"Browell J.; Gilbert C.","Browell, Jethro (57576905300); Gilbert, Ciaran (57195324257)","57576905300; 57195324257","Predicting Electricity Imbalance Prices and Volumes: Capabilities and Opportunities","2022","Energies","15","10","3645","","","","6","10.3390/en15103645","https://www.scopus.com/inward/record.uri?eid=2-s2.0-85130689288&doi=10.3390%2fen15103645&partnerID=40&md5=ea609e0a401e46750fde9297211b975d","Article","Final","All Open Access; Gold Open Access; Green Open Access","Scopus","2-s2.0-85130689288"
"Hu T.; Guo Q.; Li Z.; Shen X.; Sun H.","Hu, Tianyu (57205320744); Guo, Qinglai (24279544300); Li, Zhengshuo (54789071400); Shen, Xinwei (55210059900); Sun, Hongbin (7404827571)","57205320744; 24279544300; 54789071400; 55210059900; 7404827571","Distribution-Free Probability Density Forecast through Deep Neural Networks","2020","IEEE Transactions on Neural Networks and Learning Systems","31","2","8703389","612","625","13","22","10.1109/TNNLS.2019.2907305","https://www.scopus.com/inward/record.uri?eid=2-s2.0-85079088591&doi=10.1109%2fTNNLS.2019.2907305&partnerID=40&md5=cfa9691e9545a52a76aa4ef657a2a83b","Article","Final","","Scopus","2-s2.0-85079088591"
"Blazsek S.; Hernández H.","Blazsek, Szabolcs (36019898300); Hernández, Hector (57196005243)","36019898300; 57196005243","Analysis of electricity prices for Central American countries using dynamic conditional score models","2018","Empirical Economics","55","4","","1807","1848","41","7","10.1007/s00181-017-1341-3","https://www.scopus.com/inward/record.uri?eid=2-s2.0-85030872718&doi=10.1007%2fs00181-017-1341-3&partnerID=40&md5=c79fe533db6fde1aa401366a4720dd87","Article","Final","","Scopus","2-s2.0-85030872718"
"Ziras C.; Kazempour J.; Kara E.C.; Bindner H.W.; Pinson P.; Kiliccote S.","Ziras, Charalampos (55779855400); Kazempour, Jalal (24758905900); Kara, Emre Can (55648039500); Bindner, Henrik W. (6506772608); Pinson, Pierre (19337428700); Kiliccote, Sila (25928395100)","55779855400; 24758905900; 55648039500; 6506772608; 19337428700; 25928395100","A mid-term DSO market for capacity limits: How to estimate opportunity costs of aggregators?","2020","IEEE Transactions on Smart Grid","11","1","8732585","334","345","11","18","10.1109/TSG.2019.2921402","https://www.scopus.com/inward/record.uri?eid=2-s2.0-85077303036&doi=10.1109%2fTSG.2019.2921402&partnerID=40&md5=7c8f80aa2a7c2bbb1d80e30a1f3fa9b8","Article","Final","All Open Access; Green Open Access","Scopus","2-s2.0-85077303036"
"Xu Y.; Li J.; Wang H.; Du P.","Xu, Yan (57219807018); Li, Jing (58761115000); Wang, Honglu (58778848500); Du, Pei (57190880827)","57219807018; 58761115000; 58778848500; 57190880827","A novel probabilistic forecasting system based on quantile combination in electricity price","2024","Computers and Industrial Engineering","187","","109834","","","","0","10.1016/j.cie.2023.109834","https://www.scopus.com/inward/record.uri?eid=2-s2.0-85180603792&doi=10.1016%2fj.cie.2023.109834&partnerID=40&md5=4adcfbc043ee2bcf6c7a9aac99ffa52f","Article","Final","","Scopus","2-s2.0-85180603792"
"Gianfreda A.; Ravazzolo F.; Rossini L.","Gianfreda, Angelica (35091043700); Ravazzolo, Francesco (25825535500); Rossini, Luca (57191924030)","35091043700; 25825535500; 57191924030","Comparing the forecasting performances of linear models for electricity prices with high RES penetration","2020","International Journal of Forecasting","36","3","","974","986","12","31","10.1016/j.ijforecast.2019.11.002","https://www.scopus.com/inward/record.uri?eid=2-s2.0-85079855893&doi=10.1016%2fj.ijforecast.2019.11.002&partnerID=40&md5=30916063635a70b1722a62a16e7760e3","Article","Final","All Open Access; Green Open Access; Hybrid Gold Open Access","Scopus","2-s2.0-85079855893"
"Vilar J.; Aneiros G.; Raña P.","Vilar, Juan (6602092240); Aneiros, Germán (7801423012); Raña, Paula (56490218400)","6602092240; 7801423012; 56490218400","Prediction intervals for electricity demand and price using functional data","2018","International Journal of Electrical Power and Energy Systems","96","","","457","472","15","23","10.1016/j.ijepes.2017.10.010","https://www.scopus.com/inward/record.uri?eid=2-s2.0-85032699257&doi=10.1016%2fj.ijepes.2017.10.010&partnerID=40&md5=9e787cd7e6fcc2d7c7668697b93df518","Article","Final","","Scopus","2-s2.0-85032699257"
"Bottieau J.; Wang Y.; De Greve Z.; Vallee F.; Toubeau J.-F.","Bottieau, Jeremie (57202953911); Wang, Yi (57223032385); De Greve, Zacharie (35304648400); Vallee, Francois (58775886500); Toubeau, Jean-Francois (56296970000)","57202953911; 57223032385; 35304648400; 58775886500; 56296970000","Interpretable Transformer Model for Capturing Regime Switching Effects of Real-Time Electricity Prices","2023","IEEE Transactions on Power Systems","38","3","","2162","2176","14","5","10.1109/TPWRS.2022.3195970","https://www.scopus.com/inward/record.uri?eid=2-s2.0-85135756897&doi=10.1109%2fTPWRS.2022.3195970&partnerID=40&md5=33144fcebb9ab9a2b2272fab54779a1a","Article","Final","","Scopus","2-s2.0-85135756897"
"Grothe O.; Kächele F.; Krüger F.","Grothe, Oliver (8549399200); Kächele, Fabian (57222050739); Krüger, Fabian (37115593700)","8549399200; 57222050739; 37115593700","From point forecasts to multivariate probabilistic forecasts: The Schaake shuffle for day-ahead electricity price forecasting","2023","Energy Economics","120","","106602","","","","3","10.1016/j.eneco.2023.106602","https://www.scopus.com/inward/record.uri?eid=2-s2.0-85150452894&doi=10.1016%2fj.eneco.2023.106602&partnerID=40&md5=a6d1555740f33c22d4a034c524a90764","Article","Final","All Open Access; Green Open Access","Scopus","2-s2.0-85150452894"
"Brusaferri A.; Matteucci M.; Portolani P.; Vitali A.","Brusaferri, Alessandro (24476432800); Matteucci, Matteo (7005216953); Portolani, Pietro (57208707240); Vitali, Andrea (57208705669)","24476432800; 7005216953; 57208707240; 57208705669","Bayesian deep learning based method for probabilistic forecast of day-ahead electricity prices","2019","Applied Energy","250","","","1158","1175","17","80","10.1016/j.apenergy.2019.05.068","https://www.scopus.com/inward/record.uri?eid=2-s2.0-85065593541&doi=10.1016%2fj.apenergy.2019.05.068&partnerID=40&md5=4973a4c2523ce73e50aca18724365808","Article","Final","All Open Access; Green Open Access","Scopus","2-s2.0-85065593541"
"Zhao W.; He X.; Wang W.; Li X.","Zhao, Wenlu (58665761700); He, Xin (24764404500); Wang, Wen (58665364800); Li, Xinyu (58665761800)","58665761700; 24764404500; 58665364800; 58665761800","A Novel Method of GRU Interval Prediction of Short-term Electric Load Considering Real-time Electricity Price","2023","Proceeding of 2023 9th IEEE International Conference on Cloud Computing and Intelligence Systems, CCIS 2023","","","","115","120","5","0","10.1109/CCIS59572.2023.10263127","https://www.scopus.com/inward/record.uri?eid=2-s2.0-85174965296&doi=10.1109%2fCCIS59572.2023.10263127&partnerID=40&md5=2648e3064d8234d35b6fe8a3831ff027","Conference paper","Final","","Scopus","2-s2.0-85174965296"
"Zhang R.; Li G.; Ma Z.","Zhang, Rongquan (57197718391); Li, Gangqiang (55534065200); Ma, Zhengwei (55607024300)","57197718391; 55534065200; 55607024300","A Deep Learning Based Hybrid Framework for Day-Ahead Electricity Price Forecasting","2020","IEEE Access","8","","9157856","143423","143436","13","37","10.1109/ACCESS.2020.3014241","https://www.scopus.com/inward/record.uri?eid=2-s2.0-85089934948&doi=10.1109%2fACCESS.2020.3014241&partnerID=40&md5=50442047be6b6a2cccc234e303c89923","Article","Final","All Open Access; Gold Open Access","Scopus","2-s2.0-85089934948"
"Kabir H.M.D.; Khosravi A.; Nahavandi S.; Kavousi-Fard A.","Kabir, H. M. Dipu (36975509100); Khosravi, Abbas (56234594800); Nahavandi, Saeid (55992860000); Kavousi-Fard, Abdollah (55177044900)","36975509100; 56234594800; 55992860000; 55177044900","Partial Adversarial Training for Neural Network-Based Uncertainty Quantification","2021","IEEE Transactions on Emerging Topics in Computational Intelligence","5","4","8825816","595","606","11","16","10.1109/TETCI.2019.2936546","https://www.scopus.com/inward/record.uri?eid=2-s2.0-85079064275&doi=10.1109%2fTETCI.2019.2936546&partnerID=40&md5=69a6543fa52e0160168795e76c3f01aa","Article","Final","","Scopus","2-s2.0-85079064275"
"Kath C.; Ziel F.","Kath, Christopher (57204637185); Ziel, Florian (56449069200)","57204637185; 56449069200","Conformal prediction interval estimation and applications to day-ahead and intraday power markets","2021","International Journal of Forecasting","37","2","","777","799","22","19","10.1016/j.ijforecast.2020.09.006","https://www.scopus.com/inward/record.uri?eid=2-s2.0-85095765900&doi=10.1016%2fj.ijforecast.2020.09.006&partnerID=40&md5=2d087a00b9a00be9771c138d0b07bf5e","Article","Final","All Open Access; Green Open Access","Scopus","2-s2.0-85095765900"
"Mehmood N.; Arshad N.","Mehmood, Nasir (56985841300); Arshad, Naveed (20336723600)","56985841300; 20336723600","Interval forecasting of hourly electricity spot prices using rolling window based gaussian process regression","2020","2020 2nd International Conference on Smart Power and Internet Energy Systems, SPIES 2020","","","9243096","469","473","4","3","10.1109/SPIES48661.2020.9243096","https://www.scopus.com/inward/record.uri?eid=2-s2.0-85096935149&doi=10.1109%2fSPIES48661.2020.9243096&partnerID=40&md5=73d50d5330e8548c3717cf5c526f5c5b","Conference paper","Final","","Scopus","2-s2.0-85096935149"
"Shen X.; Liu H.; Qiu G.; Liu Y.; Liu J.; Fan S.","Shen, Xiaodong (55103480700); Liu, Huixin (58487685900); Qiu, Gao (56562426700); Liu, Youbo (35111277800); Liu, Junyong (55851922500); Fan, Shixiong (55773904000)","55103480700; 58487685900; 56562426700; 35111277800; 55851922500; 55773904000","Interpretable Interval Prediction-Based Outlier-Adaptive Day-Ahead Electricity Price Forecasting Involving Cross-Market Features","2024","IEEE Transactions on Industrial Informatics","","","","1","14","13","0","10.1109/TII.2024.3355105","https://www.scopus.com/inward/record.uri?eid=2-s2.0-85184318207&doi=10.1109%2fTII.2024.3355105&partnerID=40&md5=5504a350436c989b6795bfe209c8cd30","Article","Article in press","","Scopus","2-s2.0-85184318207"
"Foroni C.; Ravazzolo F.; Rossini L.","Foroni, Claudia (55864970000); Ravazzolo, Francesco (25825535500); Rossini, Luca (57191924030)","55864970000; 25825535500; 57191924030","Are low frequency macroeconomic variables important for high frequency electricity prices?","2023","Economic Modelling","120","","106160","","","","2","10.1016/j.econmod.2022.106160","https://www.scopus.com/inward/record.uri?eid=2-s2.0-85145306490&doi=10.1016%2fj.econmod.2022.106160&partnerID=40&md5=a0b3afe3e555d502198a72d3dd8bcd48","Article","Final","All Open Access; Green Open Access","Scopus","2-s2.0-85145306490"
"Lu X.; Qiu J.; Lei G.; Zhu J.","Lu, Xin (57371567200); Qiu, Jing (55846308000); Lei, Gang (17434576900); Zhu, Jianguo (57022373100)","57371567200; 55846308000; 17434576900; 57022373100","Scenarios modelling for forecasting day-ahead electricity prices: Case studies in Australia","2022","Applied Energy","308","","118296","","","","20","10.1016/j.apenergy.2021.118296","https://www.scopus.com/inward/record.uri?eid=2-s2.0-85121142895&doi=10.1016%2fj.apenergy.2021.118296&partnerID=40&md5=8e1a124f3ea15b1a34775f6307e97440","Article","Final","","Scopus","2-s2.0-85121142895"
"Olympios A.V.; Le Brun N.; Acha S.; Shah N.; Markides C.N.","Olympios, Andreas V. (57215002012); Le Brun, Niccolò (56919450700); Acha, Salvador (7801621970); Shah, Nilay (56846290400); Markides, Christos N. (8287822500)","57215002012; 56919450700; 7801621970; 56846290400; 8287822500","Stochastic real-time operation control of a combined heat and power (CHP) system under uncertainty","2020","Energy Conversion and Management","216","","112916","","","","31","10.1016/j.enconman.2020.112916","https://www.scopus.com/inward/record.uri?eid=2-s2.0-85084980156&doi=10.1016%2fj.enconman.2020.112916&partnerID=40&md5=496675f2cbde976c5a5a60df1e93bbd9","Article","Final","All Open Access; Green Open Access","Scopus","2-s2.0-85084980156"
"Haq N.; Yuan K.; Feng X.","Haq, Nandinee (56199020400); Yuan, Kai (58661081800); Feng, Xiaoming (58734780700)","56199020400; 58661081800; 58734780700","Interpretable Probabilistic Price Forecasting for Energy Markets","2023","IEEE Power and Energy Society General Meeting","2023-July","","","","","","0","10.1109/PESGM52003.2023.10252531","https://www.scopus.com/inward/record.uri?eid=2-s2.0-85174716217&doi=10.1109%2fPESGM52003.2023.10252531&partnerID=40&md5=89f6667ab40ed8bf91b576b8c4f21300","Conference paper","Final","","Scopus","2-s2.0-85174716217"
"Klein N.; Smith M.S.; Nott D.J.","Klein, Nadja (56046784500); Smith, Michael Stanley (8384957700); Nott, David J. (7003420913)","56046784500; 8384957700; 7003420913","Deep distributional time series models and the probabilistic forecasting of intraday electricity prices","2023","Journal of Applied Econometrics","38","4","","493","511","18","2","10.1002/jae.2959","https://www.scopus.com/inward/record.uri?eid=2-s2.0-85150692179&doi=10.1002%2fjae.2959&partnerID=40&md5=e69f079891fc93c509fa9daaa373d8d6","Article","Final","All Open Access; Green Open Access; Hybrid Gold Open Access","Scopus","2-s2.0-85150692179"
"Narajewski M.; Ziel F.","Narajewski, Michał (57211395828); Ziel, Florian (56449069200)","57211395828; 56449069200","Ensemble forecasting for intraday electricity prices: Simulating trajectories","2020","Applied Energy","279","","115801","","","","32","10.1016/j.apenergy.2020.115801","https://www.scopus.com/inward/record.uri?eid=2-s2.0-85090412128&doi=10.1016%2fj.apenergy.2020.115801&partnerID=40&md5=e6069b9bfdb742ccd55d6c780d6fef37","Article","Final","All Open Access; Green Open Access","Scopus","2-s2.0-85090412128"
"Lemke F.","Lemke, Frank (23019107200)","23019107200","Self-organizing inductive modeling for probabilistic electricity price forecasting","2018","International Scientific and Technical Conference on Computer Sciences and Information Technologies","1","","8526706","36","39","3","0","10.1109/STC-CSIT.2018.8526706","https://www.scopus.com/inward/record.uri?eid=2-s2.0-85058052198&doi=10.1109%2fSTC-CSIT.2018.8526706&partnerID=40&md5=344f868a6ec6750464b87fa5b2e685fb","Conference paper","Final","","Scopus","2-s2.0-85058052198"
"Mousa A.; Aghaei J.; Afrasiabi S.; Mohammadi M.","Mousa, Afraiabi (57836853100); Aghaei, Jamshid (8691894800); Afrasiabi, Shahabodin (57208134512); Mohammadi, Mohammad (56501398300)","57836853100; 8691894800; 57208134512; 56501398300","Probability density function forecasting of electricity price: Deep gabor convolutional mixture network","2022","Electric Power Systems Research","213","","108325","","","","4","10.1016/j.epsr.2022.108325","https://www.scopus.com/inward/record.uri?eid=2-s2.0-85135717319&doi=10.1016%2fj.epsr.2022.108325&partnerID=40&md5=3e3796ebba91a7ab509b0b038dc54898","Article","Final","","Scopus","2-s2.0-85135717319"
"Tzallas P.; Bezas N.; Moschos I.; Ioannidis D.; Tzovaras D.","Tzallas, Petros (57217096782); Bezas, Napoleon (57201861354); Moschos, Ioannis (57210465911); Ioannidis, Dimosthenis (19638392200); Tzovaras, Dimitrios (13105681700)","57217096782; 57201861354; 57210465911; 19638392200; 13105681700","Probabilistic Quantile Multi-step Forecasting of Energy Market Prices: A UK Case Study","2022","IFIP Advances in Information and Communication Technology","652 IFIP","","","301","313","12","0","10.1007/978-3-031-08341-9_25","https://www.scopus.com/inward/record.uri?eid=2-s2.0-85133229001&doi=10.1007%2f978-3-031-08341-9_25&partnerID=40&md5=44928deb12be598487e2f02e8ba993c0","Conference paper","Final","","Scopus","2-s2.0-85133229001"
"Papadopoulos P.; Coit D.W.; Aziz Ezzat A.","Papadopoulos, Petros (57221634410); Coit, David W. (7006816402); Aziz Ezzat, Ahmed (57200179774)","57221634410; 7006816402; 57200179774","STOCHOS: Stochastic opportunistic maintenance scheduling for offshore wind farms","2024","IISE Transactions","56","1","","1","15","14","6","10.1080/24725854.2022.2152913","https://www.scopus.com/inward/record.uri?eid=2-s2.0-85145697667&doi=10.1080%2f24725854.2022.2152913&partnerID=40&md5=7b5040bb91493bb09dca6c7e697d36b7","Article","Final","All Open Access; Green Open Access","Scopus","2-s2.0-85145697667"
"Raña P.; Vilar J.; Aneiros G.","Raña, Paula (56490218400); Vilar, Juan (6602092240); Aneiros, Germán (7801423012)","56490218400; 6602092240; 7801423012","On the Use of Functional Additive Models for Electricity Demand and Price Prediction","2018","IEEE Access","6","","","9603","9613","10","8","10.1109/ACCESS.2018.2805819","https://www.scopus.com/inward/record.uri?eid=2-s2.0-85042136616&doi=10.1109%2fACCESS.2018.2805819&partnerID=40&md5=8b402be9c09dccac19b4c2793358c2ea","Article","Final","All Open Access; Gold Open Access","Scopus","2-s2.0-85042136616"
"Matsumoto T.; Endo M.","Matsumoto, Takuji (57204842253); Endo, Misao (36508459800)","57204842253; 36508459800","One-week-ahead electricity price forecasting using weather forecasts, and its application to arbitrage in the forward market: An empirical study of the Japan Electric Power Exchange","2021","Journal of Energy Markets","14","3","","1","26","25","4","10.21314/JEM.2021.004","https://www.scopus.com/inward/record.uri?eid=2-s2.0-85118572220&doi=10.21314%2fJEM.2021.004&partnerID=40&md5=67cf7089fa17adfd58088105ffbc51d8","Article","Final","","Scopus","2-s2.0-85118572220"
"Kaur D.; Aujla G.S.; Mahmud M.A.","Kaur, Devinder (57225466978); Aujla, Gagangeet Singh (56218282200); Mahmud, Md. Apel (36651026400)","57225466978; 56218282200; 36651026400","Negative Price Forecasting in Australian Energy Markets using gradient-boosted Machines: Predictive and Probabilistic Analysis","2023","2023 IEEE International Conference on Communications, Control, and Computing Technologies for Smart Grids, SmartGridComm 2023 - Proceedings","","","","","","","0","10.1109/SmartGridComm57358.2023.10333879","https://www.scopus.com/inward/record.uri?eid=2-s2.0-85180788786&doi=10.1109%2fSmartGridComm57358.2023.10333879&partnerID=40&md5=90acffebe9004b91fd2593e30b8484b9","Conference paper","Final","","Scopus","2-s2.0-85180788786"
"He H.; Lu N.; Jiang Y.; Chen B.; Jiao R.","He, Hui (56303064100); Lu, Nanyan (57218993337); Jiang, Yizhi (57204117530); Chen, Bo (57221092767); Jiao, Runhai (8886831700)","56303064100; 57218993337; 57204117530; 57221092767; 8886831700","End-to-end probabilistic forecasting of electricity price via convolutional neural network and label distribution learning","2020","Energy Reports","6","","","1176","1183","7","8","10.1016/j.egyr.2020.11.057","https://www.scopus.com/inward/record.uri?eid=2-s2.0-85098869859&doi=10.1016%2fj.egyr.2020.11.057&partnerID=40&md5=406c1a51f6dc6f95428ae7fa52b61d8a","Article","Final","All Open Access; Gold Open Access","Scopus","2-s2.0-85098869859"
"Berrisch J.; Ziel F.","Berrisch, Jonathan (57221158567); Ziel, Florian (56449069200)","57221158567; 56449069200","Multivariate probabilistic CRPS learning with an application to day-ahead electricity prices","2024","International Journal of Forecasting","","","","","","","","10.1016/j.ijforecast.2024.01.005","https://www.scopus.com/inward/record.uri?eid=2-s2.0-85185300266&doi=10.1016%2fj.ijforecast.2024.01.005&partnerID=40&md5=763e87ad0a38be402b022a321ee72126","Article","Article in press","All Open Access; Green Open Access; Hybrid Gold Open Access","Scopus","2-s2.0-85185300266"
"Karmakar S.; Chudý M.; Biao Wu W.","Karmakar, Sayar (57212558094); Chudý, Marek (57212460183); Biao Wu, Wei (57009093300)","57212558094; 57212460183; 57009093300","Long-term prediction intervals with many covariates","2022","Journal of Time Series Analysis","43","4","","587","609","22","2","10.1111/jtsa.12629","https://www.scopus.com/inward/record.uri?eid=2-s2.0-85121675152&doi=10.1111%2fjtsa.12629&partnerID=40&md5=264bd9ccc7d1355912c8973282e62979","Article","Final","All Open Access; Green Open Access","Scopus","2-s2.0-85121675152"
"Xiao C.; Sutanto D.; Muttaqi K.M.; Zhang M.; Meng K.; Dong Z.Y.","Xiao, Chixin (23111639000); Sutanto, Danny (7006225709); Muttaqi, Kashem M. (55582332500); Zhang, Minjie (56424045600); Meng, Ke (13905131800); Dong, Zhao Yang (57887316900)","23111639000; 7006225709; 55582332500; 56424045600; 13905131800; 57887316900","Online Sequential Extreme Learning Machine Algorithm for Better Predispatch Electricity Price Forecasting Grids","2021","IEEE Transactions on Industry Applications","57","2","9320514","1860","1871","11","11","10.1109/TIA.2021.3051105","https://www.scopus.com/inward/record.uri?eid=2-s2.0-85099543498&doi=10.1109%2fTIA.2021.3051105&partnerID=40&md5=e2361e802601bc5259a0ce1ebcc2f923","Article","Final","","Scopus","2-s2.0-85099543498"
"Marcjasz G.; Narajewski M.; Weron R.; Ziel F.","Marcjasz, Grzegorz (57191913744); Narajewski, Michał (57211395828); Weron, Rafał (6603869283); Ziel, Florian (56449069200)","57191913744; 57211395828; 6603869283; 56449069200","Distributional neural networks for electricity price forecasting","2023","Energy Economics","125","","106843","","","","4","10.1016/j.eneco.2023.106843","https://www.scopus.com/inward/record.uri?eid=2-s2.0-85166479122&doi=10.1016%2fj.eneco.2023.106843&partnerID=40&md5=1f1d0e33f80a1febe6cd3f0cd8eb47e7","Article","Final","All Open Access; Green Open Access","Scopus","2-s2.0-85166479122"
"Janke T.; Steinke F.","Janke, Tim (57204416116); Steinke, Florian (23986345500)","57204416116; 23986345500","Probabilistic multivariate electricity price forecasting using implicit generative ensemble post-processing","2020","2020 International Conference on Probabilistic Methods Applied to Power Systems, PMAPS 2020 - Proceedings","","","9183687","","","","4","10.1109/PMAPS47429.2020.9183687","https://www.scopus.com/inward/record.uri?eid=2-s2.0-85091343125&doi=10.1109%2fPMAPS47429.2020.9183687&partnerID=40&md5=ad411850ba76875536acbde19565e6de","Conference paper","Final","All Open Access; Green Open Access","Scopus","2-s2.0-85091343125"
"Banitalebi B.; Appadoo S.S.; Thavaneswaran A.","Banitalebi, Behrouz (55387795900); Appadoo, Srimantoorao S. (9846328200); Thavaneswaran, Aerambamoorthy (6701817323)","55387795900; 9846328200; 6701817323","Optimal Bidding Strategy in Day-Ahead Electricity Market for Large Consumers","2021","Canadian Conference on Electrical and Computer Engineering","2021-September","","","","","","0","10.1109/CCECE53047.2021.9569081","https://www.scopus.com/inward/record.uri?eid=2-s2.0-85118443491&doi=10.1109%2fCCECE53047.2021.9569081&partnerID=40&md5=f1a43440da0c52fca85e1e01ef754d7d","Conference paper","Final","","Scopus","2-s2.0-85118443491"
"Hirsch S.; Ziel F.","Hirsch, Simon (57997406400); Ziel, Florian (56449069200)","57997406400; 56449069200","Multivariate simulation-based forecasting for intraday power markets: Modeling cross-product price effects","2024","Applied Stochastic Models in Business and Industry","","","","","","","0","10.1002/asmb.2837","https://www.scopus.com/inward/record.uri?eid=2-s2.0-85183656843&doi=10.1002%2fasmb.2837&partnerID=40&md5=a76a517e6e107c981f0c8c729f0bc1d4","Article","Article in press","","Scopus","2-s2.0-85183656843"
"Cao J.; Yang L.; Qian C.; Yu J.","Cao, Jianwei (57573010500); Yang, Liqiang (57216615888); Qian, Changyu (57573205800); Yu, Jie (56130998800)","57573010500; 57216615888; 57573205800; 56130998800","Short term electricity price probability density prediction based on qrlstm algorithm in spot market","2021","Proceedings - 2021 IEEE Sustainable Power and Energy Conference: Energy Transition for Carbon Neutrality, iSPEC 2021","","","","1969","1974","5","0","10.1109/iSPEC53008.2021.9735573","https://www.scopus.com/inward/record.uri?eid=2-s2.0-85128066961&doi=10.1109%2fiSPEC53008.2021.9735573&partnerID=40&md5=9a3605e6fc6a027e847afe29c02577ad","Conference paper","Final","","Scopus","2-s2.0-85128066961"
"Janczura J.; Wójcik E.","Janczura, Joanna (24801901600); Wójcik, Edyta (57659197000)","24801901600; 57659197000","Dynamic short-term risk management strategies for the choice of electricity market based on probabilistic forecasts of profit and risk measures. The German and the Polish market case study","2022","Energy Economics","110","","106015","","","","11","10.1016/j.eneco.2022.106015","https://www.scopus.com/inward/record.uri?eid=2-s2.0-85129336364&doi=10.1016%2fj.eneco.2022.106015&partnerID=40&md5=affc2da84f5831dced5fce22b11c935e","Article","Final","","Scopus","2-s2.0-85129336364"
"Ziel F.; Steinert R.","Ziel, Florian (56449069200); Steinert, Rick (56448362600)","56449069200; 56448362600","Probabilistic mid- and long-term electricity price forecasting","2018","Renewable and Sustainable Energy Reviews","94","","","251","266","15","98","10.1016/j.rser.2018.05.038","https://www.scopus.com/inward/record.uri?eid=2-s2.0-85048719102&doi=10.1016%2fj.rser.2018.05.038&partnerID=40&md5=6e8674f400d1939320070b966e97d7b6","Review","Final","All Open Access; Green Open Access","Scopus","2-s2.0-85048719102"
"Cramer E.; Witthaut D.; Mitsos A.; Dahmen M.","Cramer, Eike (57223810260); Witthaut, Dirk (8533242700); Mitsos, Alexander (8979766700); Dahmen, Manuel (55326173100)","57223810260; 8533242700; 8979766700; 55326173100","Multivariate probabilistic forecasting of intraday electricity prices using normalizing flows","2023","Applied Energy","346","","121370","","","","2","10.1016/j.apenergy.2023.121370","https://www.scopus.com/inward/record.uri?eid=2-s2.0-85161722493&doi=10.1016%2fj.apenergy.2023.121370&partnerID=40&md5=2845bf72990a7c7f870e48b510d12b36","Article","Final","All Open Access; Green Open Access","Scopus","2-s2.0-85161722493"
"Li Y.; Ding Y.; Liu Y.; Yang T.; Wang P.; Wang J.; Yao W.","Li, Yuanzheng (55931492800); Ding, Yizhou (57958121000); Liu, Yun (56116297100); Yang, Tao (57092368600); Wang, Ping (56508546500); Wang, Jingfei (57958121100); Yao, Wei (57031158100)","55931492800; 57958121000; 56116297100; 57092368600; 56508546500; 57958121100; 57031158100","Dense Skip Attention Based Deep Learning for Day-Ahead Electricity Price Forecasting","2023","IEEE Transactions on Power Systems","38","5","","4308","4327","19","12","10.1109/TPWRS.2022.3217579","https://www.scopus.com/inward/record.uri?eid=2-s2.0-85141529217&doi=10.1109%2fTPWRS.2022.3217579&partnerID=40&md5=27864de23141aa5e0638c5241b72b972","Article","Final","","Scopus","2-s2.0-85141529217"
"He H.; Zhang R.; Li K.; Jie Y.; Jiao R.; Chen B.","He, Hui (56303064100); Zhang, Rui (57744189100); Li, Kaihang (57222376127); Jie, Yongjun (57203979137); Jiao, Runhai (8886831700); Chen, Bo (57221092767)","56303064100; 57744189100; 57222376127; 57203979137; 8886831700; 57221092767","Short-term electricity price probabilistic forecasting based on support vector quantile regression optimized by simulated annealing algorithm","2021","Recent Advances in Electrical and Electronic Engineering","14","2","","156","170","14","1","10.2174/2352096513999200724174751","https://www.scopus.com/inward/record.uri?eid=2-s2.0-85102504684&doi=10.2174%2f2352096513999200724174751&partnerID=40&md5=106e1e5e4792009bdce223019679bc46","Article","Final","","Scopus","2-s2.0-85102504684"
"Monteiro C.; Ramirez-Rosado I.J.; Fernandez-Jimenez L.A.; Ribeiro M.","Monteiro, Claudio (8397804400); Ramirez-Rosado, Ignacio J. (6701657429); Fernandez-Jimenez, L. Alfredo (8392673100); Ribeiro, Miguel (57216101694)","8397804400; 6701657429; 8392673100; 57216101694","New probabilistic price forecasting models: Application to the Iberian electricity market","2018","International Journal of Electrical Power and Energy Systems","103","","","483","496","13","27","10.1016/j.ijepes.2018.06.005","https://www.scopus.com/inward/record.uri?eid=2-s2.0-85048603465&doi=10.1016%2fj.ijepes.2018.06.005&partnerID=40&md5=f63a0f6a078bd5feeb01381743901c2e","Article","Final","","Scopus","2-s2.0-85048603465"
"Narajewski M.","Narajewski, Michał (57211395828)","57211395828","Probabilistic Forecasting of German Electricity Imbalance Prices","2022","Energies","15","14","4976","","","","3","10.3390/en15144976","https://www.scopus.com/inward/record.uri?eid=2-s2.0-85133809140&doi=10.3390%2fen15144976&partnerID=40&md5=6485ae1d315e6301b9bd609bfe9bf097","Article","Final","All Open Access; Gold Open Access; Green Open Access","Scopus","2-s2.0-85133809140"
"Saâdaoui F.; Rabbouch H.","Saâdaoui, Foued (56986376200); Rabbouch, Hana (56145602400)","56986376200; 56145602400","A wavelet-based hybrid neural network for short-term electricity prices forecasting","2019","Artificial Intelligence Review","","","","","","","26","10.1007/s10462-019-09702-x","https://www.scopus.com/inward/record.uri?eid=2-s2.0-85064342403&doi=10.1007%2fs10462-019-09702-x&partnerID=40&md5=d83a5d8fdf9d79e1bb33a0fa37f3e13b","Article","Article in press","","Scopus","2-s2.0-85064342403"
"Chai S.; Xu Z.; Jia Y.","Chai, Songjian (56861777600); Xu, Zhao (55764069000); Jia, Youwei (55511359100)","56861777600; 55764069000; 55511359100","Conditional Density Forecast of Electricity Price Based on Ensemble ELM and Logistic EMOS","2019","IEEE Transactions on Smart Grid","10","3","5165411","3031","3043","12","39","10.1109/TSG.2018.2817284","https://www.scopus.com/inward/record.uri?eid=2-s2.0-85045340930&doi=10.1109%2fTSG.2018.2817284&partnerID=40&md5=0769e04e5d9a09c586043be8220f05b0","Article","Final","","Scopus","2-s2.0-85045340930"
"Haben S.; Caudron J.; Verma J.","Haben, Stephen (36682321100); Caudron, Julien (57984137700); Verma, Jake (57985390400)","36682321100; 57984137700; 57985390400","Probabilistic Day-Ahead Wholesale Price Forecast: A Case Study in Great Britain","2021","Forecasting","3","3","","596","632","36","6","10.3390/forecast3030038","https://www.scopus.com/inward/record.uri?eid=2-s2.0-85133299774&doi=10.3390%2fforecast3030038&partnerID=40&md5=cd9bd25a0f48623f2ecacb1d5e01959d","Article","Final","All Open Access; Gold Open Access","Scopus","2-s2.0-85133299774"
"Bello A.; Bunn D.; Reneses J.; Muñoz A.","Bello, Antonio (56841249100); Bunn, Derek (7007068246); Reneses, Javier (8905210000); Muñoz, Antonio (55043074000)","56841249100; 7007068246; 8905210000; 55043074000","ParameTric density recalibration of a fundamental market model to forecast electricity Prices","2016","Energies","9","11","959","","","","20","10.3390/en9110959","https://www.scopus.com/inward/record.uri?eid=2-s2.0-85021250618&doi=10.3390%2fen9110959&partnerID=40&md5=882b0a5bbcb9ef15beadbf2dff5fca6b","Article","Final","All Open Access; Gold Open Access; Green Open Access","Scopus","2-s2.0-85021250618"
"Shrivastava N.A.; Panigrahi B.K.","Shrivastava, Nitin Anand (36101814000); Panigrahi, Bijaya Ketan (25637555100)","36101814000; 25637555100","Prediction interval estimations for electricity demands and prices: A multi-objective approach","2015","IET Generation, Transmission and Distribution","9","5","","494","502","8","8","10.1049/iet-gtd.2014.0599","https://www.scopus.com/inward/record.uri?eid=2-s2.0-84926338496&doi=10.1049%2fiet-gtd.2014.0599&partnerID=40&md5=e86b533a490cd684ea85f388fb4af272","Article","Final","","Scopus","2-s2.0-84926338496"
"Chen X.; Dong Z.Y.; Meng K.; Xu Y.; Wong K.P.; Ngan H.W.","Chen, Xia (55192723400); Dong, Zhao Yang (56608244300); Meng, Ke (13905131800); Xu, Yan (36151565900); Wong, Kit Po (16556980900); Ngan, H.W. (7102173815)","55192723400; 56608244300; 13905131800; 36151565900; 16556980900; 7102173815","Electricity price forecasting with extreme learning machine and bootstrapping","2012","IEEE Transactions on Power Systems","27","4","6184354","2055","2062","7","230","10.1109/TPWRS.2012.2190627","https://www.scopus.com/inward/record.uri?eid=2-s2.0-84867984549&doi=10.1109%2fTPWRS.2012.2190627&partnerID=40&md5=b54dd24a449b32c92bef92320985098b","Article","Final","","Scopus","2-s2.0-84867984549"
"Zhou M.; Yan Z.; Ni Y.X.; Li G.; Nie Y.","Zhou, M. (35390426600); Yan, Z. (7402519416); Ni, Y.X. (7402910021); Li, G. (8400663800); Nie, Y. (56265250600)","35390426600; 7402519416; 7402910021; 8400663800; 56265250600","Electricity price forecasting with confidence-interval estimation through an extended ARIMA approach","2006","IEE Proceedings: Generation, Transmission and Distribution","153","2","","187","195","8","97","10.1049/ip-gtd:20045131","https://www.scopus.com/inward/record.uri?eid=2-s2.0-33645138858&doi=10.1049%2fip-gtd%3a20045131&partnerID=40&md5=1df1f2098bc189d418a8ddca4db68506","Article","Final","","Scopus","2-s2.0-33645138858"
"Gaillard P.; Goude Y.; Nedellec R.","Gaillard, Pierre (14827708100); Goude, Yannig (55326700600); Nedellec, Raphaël (55819687300)","14827708100; 55326700600; 55819687300","Additive models and robust aggregation for GEFCom2014 probabilistic electric load and electricity price forecasting","2016","International Journal of Forecasting","32","3","","1038","1050","12","139","10.1016/j.ijforecast.2015.12.001","https://www.scopus.com/inward/record.uri?eid=2-s2.0-84979538942&doi=10.1016%2fj.ijforecast.2015.12.001&partnerID=40&md5=501c51371592c49b9a6f3ec2501a096c","Article","Final","","Scopus","2-s2.0-84979538942"
"Klæboe G.; Eriksrud A.L.; Fleten S.-E.","Klæboe, Gro (51863908400); Eriksrud, Anders Lund (56497170400); Fleten, Stein-Erik (6506533887)","51863908400; 56497170400; 6506533887","Benchmarking time series based forecasting models for electricity balancing market prices","2015","Energy Systems","6","1","","43","61","18","49","10.1007/s12667-013-0103-3","https://www.scopus.com/inward/record.uri?eid=2-s2.0-84902114587&doi=10.1007%2fs12667-013-0103-3&partnerID=40&md5=168342ce6e8fcc554790d2f64ba534ab","Article","Final","All Open Access; Green Open Access","Scopus","2-s2.0-84902114587"
"Panagiotelis A.; Smith M.","Panagiotelis, Anastasios (23098473800); Smith, Michael (8384957700)","23098473800; 8384957700","Bayesian density forecasting of intraday electricity prices using multivariate skew t distributions","2008","International Journal of Forecasting","24","4","","710","727","17","89","10.1016/j.ijforecast.2008.08.009","https://www.scopus.com/inward/record.uri?eid=2-s2.0-55349142435&doi=10.1016%2fj.ijforecast.2008.08.009&partnerID=40&md5=6a76f7da982a4b9fbb7005ed98bf346c","Article","Final","","Scopus","2-s2.0-55349142435"
"Maciejowska K.; Nowotarski J.","Maciejowska, Katarzyna (34872957400); Nowotarski, Jakub (55683723200)","34872957400; 55683723200","A hybrid model for GEFCom2014 probabilistic electricity price forecasting","2016","International Journal of Forecasting","32","3","","1051","1056","5","51","10.1016/j.ijforecast.2015.11.008","https://www.scopus.com/inward/record.uri?eid=2-s2.0-84962439544&doi=10.1016%2fj.ijforecast.2015.11.008&partnerID=40&md5=93055d58fc3c1331dd7f19d19a44bbdf","Article","Final","All Open Access; Green Open Access","Scopus","2-s2.0-84962439544"
"Huurman C.; Ravazzolo F.; Zhou C.","Huurman, Christian (15841912400); Ravazzolo, Francesco (25825535500); Zhou, Chen (15081804200)","15841912400; 25825535500; 15081804200","The power of weather","2012","Computational Statistics and Data Analysis","56","11","","3793","3807","14","41","10.1016/j.csda.2010.06.021","https://www.scopus.com/inward/record.uri?eid=2-s2.0-84862015245&doi=10.1016%2fj.csda.2010.06.021&partnerID=40&md5=3e087267c2681ff1eef4a66d1d6379a4","Article","Final","","Scopus","2-s2.0-84862015245"
"Shrivastava N.A.; Khosravi A.; Panigrahi B.K.","Shrivastava, Nitin Anand (36101814000); Khosravi, Abbas (56234594800); Panigrahi, Bijaya Ketan (25637555100)","36101814000; 56234594800; 25637555100","Prediction Interval Estimation of Electricity Prices Using PSO-Tuned Support Vector Machines","2015","IEEE Transactions on Industrial Informatics","11","2","7005533","322","331","9","144","10.1109/TII.2015.2389625","https://www.scopus.com/inward/record.uri?eid=2-s2.0-84926435343&doi=10.1109%2fTII.2015.2389625&partnerID=40&md5=106282bc927aa255160b8282006e64a6","Article","Final","","Scopus","2-s2.0-84926435343"
"Bello A.; Reneses J.; Muñoz A.; Delgadillo A.","Bello, Antonio (56841249100); Reneses, Javier (8905210000); Muñoz, Antonio (55043074000); Delgadillo, Andrés (56020709300)","56841249100; 8905210000; 55043074000; 56020709300","Probabilistic forecasting of hourly electricity prices in the medium-term using spatial interpolation techniques","2016","International Journal of Forecasting","32","3","","966","980","14","30","10.1016/j.ijforecast.2015.06.002","https://www.scopus.com/inward/record.uri?eid=2-s2.0-84941588104&doi=10.1016%2fj.ijforecast.2015.06.002&partnerID=40&md5=45baeacfffcfa7e6124722bf349ee696","Article","Final","","Scopus","2-s2.0-84941588104"
"Bo R.; Li F.","Bo, Rui (35823727400); Li, Fangxing (35242811000)","35823727400; 35242811000","Probabilistic LMP forecasting considering load uncertainty","2009","IEEE Transactions on Power Systems","24","3","","1279","1289","10","134","10.1109/TPWRS.2009.2023268","https://www.scopus.com/inward/record.uri?eid=2-s2.0-68349157655&doi=10.1109%2fTPWRS.2009.2023268&partnerID=40&md5=630ff22fd1cd889f6fef7ab8857d5e6e","Article","Final","","Scopus","2-s2.0-68349157655"
"Moreira R.; Bessa R.; Gama J.","Moreira, Rui (57190805267); Bessa, Ricardo (24921304700); Gama, Joao (57194210743)","57190805267; 24921304700; 57194210743","Probabilistic forecasting of day-ahead electricity prices for the Iberian electricity market","2016","International Conference on the European Energy Market, EEM","2016-July","","7521226","","","","7","10.1109/EEM.2016.7521226","https://www.scopus.com/inward/record.uri?eid=2-s2.0-84983283865&doi=10.1109%2fEEM.2016.7521226&partnerID=40&md5=eb308137329a193cedcdf5ecb6a99210","Conference paper","Final","All Open Access; Green Open Access","Scopus","2-s2.0-84983283865"
"Zhang L.; Luh P.B.","Zhang, Li (35243587900); Luh, Peter B. (7005295546)","35243587900; 7005295546","Power market clearing price prediction and confidence interval estimation with fast neural network learning","2002","Proceedings of the IEEE Power Engineering Society Transmission and Distribution Conference","1","","","268","273","5","13","","https://www.scopus.com/inward/record.uri?eid=2-s2.0-0036085712&partnerID=40&md5=57f78bf3b7ed445ce7315ab44ed49372","Conference paper","Final","","Scopus","2-s2.0-0036085712"
"Rafiei M.; Niknam T.; Khooban M.H.","Rafiei, Mehdi (57188689465); Niknam, Taher (9742806100); Khooban, Mohammad Hassan (55326601700)","57188689465; 9742806100; 55326601700","A novel intelligent strategy for probabilistic electricity price forecasting: Wavelet neural network based modified dolphin optimization algorithm","2016","Journal of Intelligent and Fuzzy Systems","31","1","","301","312","11","14","10.3233/IFS-162142","https://www.scopus.com/inward/record.uri?eid=2-s2.0-84975316849&doi=10.3233%2fIFS-162142&partnerID=40&md5=63d418867a9fed656315b79488dd816c","Article","Final","","Scopus","2-s2.0-84975316849"
"Zhang L.; Luh P.B.; Kasiviswanathan K.","Zhang, Li (35243587900); Luh, Peter B. (7005295546); Kasiviswanathan, Krishnan (6603699799)","35243587900; 7005295546; 6603699799","Energy clearing price prediction and confidence interval estimation with cascaded neural networks","2003","IEEE Transactions on Power Systems","18","1","","99","105","6","158","10.1109/TPWRS.2002.807062","https://www.scopus.com/inward/record.uri?eid=2-s2.0-0037292135&doi=10.1109%2fTPWRS.2002.807062&partnerID=40&md5=b635a068bd9b7c25f2cf6c7e259b81fc","Article","Final","","Scopus","2-s2.0-0037292135"
"Chirico P.","Chirico, Paolo (56006137400)","56006137400","Prediction intervals for heteroscedastic series by holt-winters methods","2018","Springer Proceedings in Mathematics and Statistics","227","","","179","186","7","0","10.1007/978-3-319-73906-9_16","https://www.scopus.com/inward/record.uri?eid=2-s2.0-85045315973&doi=10.1007%2f978-3-319-73906-9_16&partnerID=40&md5=45e9882c0d32c46483c3c637c0c0638f","Conference paper","Final","","Scopus","2-s2.0-85045315973"
"Roque A.M.S.; Maté C.; Arroyo J.; Sarabia Á.","Roque, Antonio Muñoz San (55043074000); Maté, Carlos (24758837200); Arroyo, Javier (35519439700); Sarabia, Ángel (16022976600)","55043074000; 24758837200; 35519439700; 16022976600","IMLP: Applying multi-layer perceptrons to interval-valued data","2007","Neural Processing Letters","25","2","","157","169","12","70","10.1007/s11063-007-9035-z","https://www.scopus.com/inward/record.uri?eid=2-s2.0-33847300536&doi=10.1007%2fs11063-007-9035-z&partnerID=40&md5=b16e69b2ccee507a78af88d70446d4ac","Article","Final","","Scopus","2-s2.0-33847300536"
"Dupin R.; Michiorri A.","Dupin, Romain (57192708690); Michiorri, Andrea (26667977800)","57192708690; 26667977800","Dynamic line rating forecasting","2017","Renewable Energy Forecasting: From Models to Applications","","","","325","339","14","6","10.1016/B978-0-08-100504-0.00013-5","https://www.scopus.com/inward/record.uri?eid=2-s2.0-85031845180&doi=10.1016%2fB978-0-08-100504-0.00013-5&partnerID=40&md5=1e69432bf393e87612f0f270720a38bf","Book chapter","Final","","Scopus","2-s2.0-85031845180"
"Misiorek A.; Trueck S.; Weron R.","Misiorek, Adam (14522999300); Trueck, Stefan (6507607114); Weron, Rafal (6603869283)","14522999300; 6507607114; 6603869283","Point and interval forecasting of spot electricity prices: Linear vs. non-linear time series models","2006","Studies in Nonlinear Dynamics and Econometrics","10","3","2","","","","154","10.2202/1558-3708.1362","https://www.scopus.com/inward/record.uri?eid=2-s2.0-33749506463&doi=10.2202%2f1558-3708.1362&partnerID=40&md5=59dc1fa2927d6c6a2cb67c69fa18dbe8","Article","Final","All Open Access; Green Open Access","Scopus","2-s2.0-33749506463"
"Juban R.; Ohlsson H.; Maasoumy M.; Poirier L.; Kolter J.Z.","Juban, Romain (57189893922); Ohlsson, Henrik (35792483000); Maasoumy, Mehdi (55427119600); Poirier, Louis (57189887698); Kolter, J. Zico (23110770000)","57189893922; 35792483000; 55427119600; 57189887698; 23110770000","A multiple quantile regression approach to the wind, solar, and price tracks of GEFCom2014","2016","International Journal of Forecasting","32","3","","1094","1102","8","63","10.1016/j.ijforecast.2015.12.002","https://www.scopus.com/inward/record.uri?eid=2-s2.0-84975733502&doi=10.1016%2fj.ijforecast.2015.12.002&partnerID=40&md5=0db0e6c68b80383db6da4b1391d68702","Article","Final","","Scopus","2-s2.0-84975733502"
"Nowotarski J.; Weron R.","Nowotarski, Jakub (55683723200); Weron, Rafał (6603869283)","55683723200; 6603869283","Merging quantile regression with forecast averaging to obtain more accurate interval forecasts of Nord Pool spot prices","2014","International Conference on the European Energy Market, EEM","","","6861285","","","","8","10.1109/EEM.2014.6861285","https://www.scopus.com/inward/record.uri?eid=2-s2.0-84905674341&doi=10.1109%2fEEM.2014.6861285&partnerID=40&md5=1342a8b4572faea1fa290735aca362b9","Conference paper","Final","All Open Access; Green Open Access","Scopus","2-s2.0-84905674341"
"Zhao J.H.; Dong Z.Y.; Xu Z.; Wong K.P.","Zhao, Jun Hua (57200530099); Dong, Zhao Yang (56608244300); Xu, Zhao (55764069000); Wong, Kit Po (16556980900)","57200530099; 56608244300; 55764069000; 16556980900","A statistical approach for interval forecasting of the electricity price","2008","IEEE Transactions on Power Systems","23","2","","267","276","9","150","10.1109/TPWRS.2008.919309","https://www.scopus.com/inward/record.uri?eid=2-s2.0-43849113102&doi=10.1109%2fTPWRS.2008.919309&partnerID=40&md5=cdb5f433220a55ce7af74494449ac6c3","Article","Final","","Scopus","2-s2.0-43849113102"
"Serinaldi F.","Serinaldi, Francesco (16744518200)","16744518200","Distributional modeling and short-term forecasting of electricity prices by Generalized Additive Models for Location, Scale and Shape","2011","Energy Economics","33","6","","1216","1226","10","60","10.1016/j.eneco.2011.05.001","https://www.scopus.com/inward/record.uri?eid=2-s2.0-80755139776&doi=10.1016%2fj.eneco.2011.05.001&partnerID=40&md5=c1d363e4d3577ede44ce308c5801e9b1","Article","Final","","Scopus","2-s2.0-80755139776"
"Monteiro C.; Ramirez-Rosado I.J.; Fernandez-Jimenez L.A.","Monteiro, Claudio (8397804400); Ramirez-Rosado, Ignacio J. (6701657429); Fernandez-Jimenez, L. Alfredo (8392673100)","8397804400; 6701657429; 8392673100","Probabilistic electricity price forecasting models by aggregation of competitive predictors","2018","Energies","11","5","1074","","","","1","10.3390/en11051074","https://www.scopus.com/inward/record.uri?eid=2-s2.0-85047093858&doi=10.3390%2fen11051074&partnerID=40&md5=016023c1d63ffeed6c5578268e2a4a69","Article","Final","All Open Access; Gold Open Access; Green Open Access","Scopus","2-s2.0-85047093858"
"Ji Y.; Thomas R.J.; Tong L.","Ji, Yuting (55382353200); Thomas, Robert J. (35546621100); Tong, Lang (57226337768)","55382353200; 35546621100; 57226337768","Probabilistic forecast of real-time LMP via multiparametric programming","2015","Proceedings of the Annual Hawaii International Conference on System Sciences","2015-March","","7070121","2549","2556","7","13","10.1109/HICSS.2015.306","https://www.scopus.com/inward/record.uri?eid=2-s2.0-84944199767&doi=10.1109%2fHICSS.2015.306&partnerID=40&md5=cadb3a9d54f94ac227ced2df4fecbc98","Conference paper","Final","","Scopus","2-s2.0-84944199767"
"Weron R.","Weron, Rafał (6603869283)","6603869283","Electricity price forecasting: A review of the state-of-the-art with a look into the future","2014","International Journal of Forecasting","30","4","","1030","1081","51","1039","10.1016/j.ijforecast.2014.08.008","https://www.scopus.com/inward/record.uri?eid=2-s2.0-84911944822&doi=10.1016%2fj.ijforecast.2014.08.008&partnerID=40&md5=736ebd4509c0a85d1fcf1638554eeeaf","Review","Final","All Open Access; Green Open Access; Hybrid Gold Open Access","Scopus","2-s2.0-84911944822"
"Leme R.C.; Turrioni J.B.; Balestrassi P.P.; Zambroni De Souza A.C.; Santos P.S.","Leme, R.C. (14919607500); Turrioni, J.B. (24082062700); Balestrassi, P.P. (16174439400); Zambroni De Souza, A.C. (6602522807); Santos, P.S. (24802707900)","14919607500; 24082062700; 16174439400; 6602522807; 24802707900","A study of electricity price volatility for the Brazilian energy market","2008","2008 5th International Conference on the European Electricity Market, EEM","","","4579095","","","","2","10.1109/EEM.2008.4579095","https://www.scopus.com/inward/record.uri?eid=2-s2.0-51749091988&doi=10.1109%2fEEM.2008.4579095&partnerID=40&md5=6c5f40d089ff0c90701cf3f4e81c94d4","Conference paper","Final","","Scopus","2-s2.0-51749091988"
"Khosravi A.; Nahavandi S.; Creighton D.","Khosravi, Abbas (56234594800); Nahavandi, Saeid (55992860000); Creighton, Doug (9334174900)","56234594800; 55992860000; 9334174900","A neural network-GARCH-based method for construction of Prediction Intervals","2013","Electric Power Systems Research","96","","","185","193","8","72","10.1016/j.epsr.2012.11.007","https://www.scopus.com/inward/record.uri?eid=2-s2.0-84871765209&doi=10.1016%2fj.epsr.2012.11.007&partnerID=40&md5=961972da26cfd99ad129ee92927730ca","Article","Final","","Scopus","2-s2.0-84871765209"
"Ji Y.; Thomas R.J.; Tong L.","Ji, Yuting (55382353200); Thomas, Robert J. (35546621100); Tong, Lang (57226337768)","55382353200; 35546621100; 57226337768","Probabilistic Forecasting of Real-Time LMP and Network Congestion","2017","IEEE Transactions on Power Systems","32","2","7514918","831","841","10","64","10.1109/TPWRS.2016.2592380","https://www.scopus.com/inward/record.uri?eid=2-s2.0-85013981050&doi=10.1109%2fTPWRS.2016.2592380&partnerID=40&md5=522257c99925142225dfaed3a403a1b9","Article","Final","All Open Access; Bronze Open Access","Scopus","2-s2.0-85013981050"
"Dudek G.","Dudek, Grzegorz (14522168200)","14522168200","Multilayer perceptron for GEFCom2014 probabilistic electricity price forecasting","2016","International Journal of Forecasting","32","3","","1057","1060","3","58","10.1016/j.ijforecast.2015.11.009","https://www.scopus.com/inward/record.uri?eid=2-s2.0-84956613397&doi=10.1016%2fj.ijforecast.2015.11.009&partnerID=40&md5=bd99a10c5d98800ea176ebbe4da98559","Article","Final","","Scopus","2-s2.0-84956613397"
"Sharma V.; Srinivasan D.","Sharma, V. (58275221900); Srinivasan, D. (7006684979)","58275221900; 7006684979","A hybrid intelligent model based on recurrent neural networks and excitable dynamics for price prediction in deregulated electricity market","2013","Engineering Applications of Artificial Intelligence","26","5-6","","1562","1574","12","40","10.1016/j.engappai.2012.12.012","https://www.scopus.com/inward/record.uri?eid=2-s2.0-84876945790&doi=10.1016%2fj.engappai.2012.12.012&partnerID=40&md5=5f347f9eb23714b55314f901058ff03b","Article","Final","","Scopus","2-s2.0-84876945790"
"Anand Shrivastava N.; Ketan Panigrahi B.","Anand Shrivastava, Nitin (36101814000); Ketan Panigrahi, Bijaya (25637555100)","36101814000; 25637555100","Point and prediction interval estimation for electricity markets with machine learning techniques and wavelet transforms","2013","Neurocomputing","118","","","301","310","9","19","10.1016/j.neucom.2013.02.039","https://www.scopus.com/inward/record.uri?eid=2-s2.0-84881221196&doi=10.1016%2fj.neucom.2013.02.039&partnerID=40&md5=3609deba0aae1014531177e63b3144d5","Article","Final","","Scopus","2-s2.0-84881221196"
"Khosravi A.; Nahavandi S.; Creighton D.","Khosravi, Abbas (56234594800); Nahavandi, Saeid (55992860000); Creighton, Doug (9334174900)","56234594800; 55992860000; 9334174900","Quantifying uncertainties of neural network-based electricity price forecasts","2013","Applied Energy","112","","","120","129","9","90","10.1016/j.apenergy.2013.05.075","https://www.scopus.com/inward/record.uri?eid=2-s2.0-84879800748&doi=10.1016%2fj.apenergy.2013.05.075&partnerID=40&md5=637b3ef8c736cefe249f89dce8358a1e","Article","Final","","Scopus","2-s2.0-84879800748"
"Bello A.; Reneses J.; Muñoz A.","Bello, Antonio (56841249100); Reneses, Javier (8905210000); Muñoz, Antonio (55043074000)","56841249100; 8905210000; 55043074000","Medium-term probabilistic forecasting of extremely low prices in electricity markets: Application to the Spanish case","2016","Energies","9","3","193","","","","20","10.3390/en9030193","https://www.scopus.com/inward/record.uri?eid=2-s2.0-84962808971&doi=10.3390%2fen9030193&partnerID=40&md5=25e7363683280b7d4e61daf47a0b2814","Article","Final","All Open Access; Gold Open Access; Green Open Access","Scopus","2-s2.0-84962808971"
"Nowotarski J.; Weron R.","Nowotarski, Jakub (55683723200); Weron, Rafał (6603869283)","55683723200; 6603869283","Computing electricity spot price prediction intervals using quantile regression and forecast averaging","2015","Computational Statistics","30","3","","791","803","12","95","10.1007/s00180-014-0523-0","https://www.scopus.com/inward/record.uri?eid=2-s2.0-84942194273&doi=10.1007%2fs00180-014-0523-0&partnerID=40&md5=e288ac4c2b3ddb7a8c37e0bf33df9897","Article","Final","All Open Access; Green Open Access; Hybrid Gold Open Access","Scopus","2-s2.0-84942194273"
"Ji Y.; Kim J.; Thomas R.J.; Tong L.","Ji, Yuting (55382353200); Kim, Jinsub (36053058700); Thomas, Robert J. (35546621100); Tong, Lang (57226337768)","55382353200; 36053058700; 35546621100; 57226337768","Forecasting real-time locational marginal price: A state space approach","2013","Conference Record - Asilomar Conference on Signals, Systems and Computers","","","6810300","379","383","4","15","10.1109/ACSSC.2013.6810300","https://www.scopus.com/inward/record.uri?eid=2-s2.0-84901285392&doi=10.1109%2fACSSC.2013.6810300&partnerID=40&md5=e23bcc9df86e76f7c6ccc38e42ce62f4","Conference paper","Final","All Open Access; Green Open Access","Scopus","2-s2.0-84901285392"
"Rafiei M.; Niknam T.; Khooban M.H.","Rafiei, Mehdi (57188689465); Niknam, Taher (9742806100); Khooban, Mohammad Hassan (55326601700)","57188689465; 9742806100; 55326601700","Probabilistic electricity price forecasting by improved clonal selection algorithm and wavelet preprocessing","2017","Neural Computing and Applications","28","12","","3889","3901","12","24","10.1007/s00521-016-2279-7","https://www.scopus.com/inward/record.uri?eid=2-s2.0-84962258029&doi=10.1007%2fs00521-016-2279-7&partnerID=40&md5=fb2e1522067fd80bcb993bf9a51f5f18","Article","Final","","Scopus","2-s2.0-84962258029"
"Ziel F.; Steinert R.","Ziel, Florian (56449069200); Steinert, Rick (56448362600)","56449069200; 56448362600","Electricity price forecasting using sale and purchase curves: The X-Model","2016","Energy Economics","59","","","435","454","19","68","10.1016/j.eneco.2016.08.008","https://www.scopus.com/inward/record.uri?eid=2-s2.0-84988490176&doi=10.1016%2fj.eneco.2016.08.008&partnerID=40&md5=dafe9d98256a7e956297bc780598a198","Article","Final","All Open Access; Green Open Access","Scopus","2-s2.0-84988490176"
"Barta G.; Nagy G.B.G.; Kazi S.; Henk T.","Barta, Gergo (56906843300); Nagy, Gyula Borbely Gabor (58253353900); Kazi, Sandor (56906734100); Henk, Tamas (7004480360)","56906843300; 58253353900; 56906734100; 7004480360","GEFCOM 2014—probabilistic electricity price forecasting","2015","Smart Innovation, Systems and Technologies","39","","","67","76","9","9","10.1007/978-3-319-19857-6_7","https://www.scopus.com/inward/record.uri?eid=2-s2.0-84944456241&doi=10.1007%2f978-3-319-19857-6_7&partnerID=40&md5=443f01bc859673f2b8285780d4170188","Conference paper","Final","All Open Access; Green Open Access","Scopus","2-s2.0-84944456241"
"Jónsson T.; Pinson P.; Madsen H.; Nielsen H.A.","Jónsson, Tryggvi (35179554700); Pinson, Pierre (19337428700); Madsen, Henrik (56519253700); Nielsen, Henrik Aalborg (35561980600)","35179554700; 19337428700; 56519253700; 35561980600","Predictive densities for day-ahead electricity prices using time-adaptive quantile regression","2014","Energies","7","9","","5523","5547","24","43","10.3390/en7095523","https://www.scopus.com/inward/record.uri?eid=2-s2.0-84907398476&doi=10.3390%2fen7095523&partnerID=40&md5=59f395492535fe2f475c941036862ccc","Article","Final","All Open Access; Gold Open Access; Green Open Access","Scopus","2-s2.0-84907398476"
"Weron R.","Weron, Rafał (6603869283)","6603869283","Modeling and forecasting electricity loads and prices: A statistical approach","2006","Modeling and Forecasting Electricity Loads and Prices: A Statistical Approach","","","","1","178","177","762","10.1002/9781118673362","https://www.scopus.com/inward/record.uri?eid=2-s2.0-84961255702&doi=10.1002%2f9781118673362&partnerID=40&md5=e1c73010f31c93daf2f76c5907bba031","Book","Final","","Scopus","2-s2.0-84961255702"
"Hong T.; Pinson P.; Fan S.; Zareipour H.; Troccoli A.; Hyndman R.J.","Hong, Tao (35242215800); Pinson, Pierre (19337428700); Fan, Shu (7402678024); Zareipour, Hamidreza (16029901300); Troccoli, Alberto (36726337300); Hyndman, Rob J. (7006914313)","35242215800; 19337428700; 7402678024; 16029901300; 36726337300; 7006914313","Probabilistic energy forecasting: Global Energy Forecasting Competition 2014 and beyond","2016","International Journal of Forecasting","32","3","","896","913","17","578","10.1016/j.ijforecast.2016.02.001","https://www.scopus.com/inward/record.uri?eid=2-s2.0-84960172423&doi=10.1016%2fj.ijforecast.2016.02.001&partnerID=40&md5=4879889557094d49f34b6a15862203e5","Editorial","Final","","Scopus","2-s2.0-84960172423"
"Kou P.; Liang D.; Gao L.; Lou J.","Kou, Peng (36562139800); Liang, Deliang (23005354300); Gao, Lin (56514413300); Lou, Jianyong (12790266400)","36562139800; 23005354300; 56514413300; 12790266400","Probabilistic electricity price forecasting with variational heteroscedastic Gaussian process and active learning","2015","Energy Conversion and Management","89","","","298","308","10","46","10.1016/j.enconman.2014.10.003","https://www.scopus.com/inward/record.uri?eid=2-s2.0-84908431712&doi=10.1016%2fj.enconman.2014.10.003&partnerID=40&md5=53ccb781851f3816044654c182bd6eda","Article","Final","","Scopus","2-s2.0-84908431712"
"Özgüner E.; Tör O.B.; Güven A.N.","Özgüner, Erdem (57203976004); Tör, Osman Bulent (8419727700); Güven, Ali Nezih (36845815800)","57203976004; 8419727700; 36845815800","Probabilistic day-ahead system marginal price forecasting with ANN for the Turkish electricity market","2017","Turkish Journal of Electrical Engineering and Computer Sciences","25","6","","4923","4935","12","4","10.3906/elk-1612-206","https://www.scopus.com/inward/record.uri?eid=2-s2.0-85053852633&doi=10.3906%2felk-1612-206&partnerID=40&md5=50ad7160fedeabbde3ea1be48b11f18f","Article","Final","All Open Access; Bronze Open Access","Scopus","2-s2.0-85053852633"
"Gligorić Z.; Štrbac Savić S.; Grujić A.; Negovanović M.; Musić O.","Gligorić, Zoran (31267527600); Štrbac Savić, Svetlana (55386825600); Grujić, Aleksandra (6507818130); Negovanović, Milanka (53264679000); Musić, Omer (57226742050)","31267527600; 55386825600; 6507818130; 53264679000; 57226742050","Short-term electricity price forecasting model using interval-valued autoregressive process","2018","Energies","11","7","1911","","","","7","10.3390/en11071911","https://www.scopus.com/inward/record.uri?eid=2-s2.0-85051217846&doi=10.3390%2fen11071911&partnerID=40&md5=d1fe283400eea05c895417e08692050b","Article","Final","All Open Access; Gold Open Access; Green Open Access","Scopus","2-s2.0-85051217846"
"Bello A.; Bunn D.W.; Reneses J.; Munoz A.","Bello, Antonio (56841249100); Bunn, Derek W. (7007068246); Reneses, Javier (8905210000); Munoz, Antonio (55043074000)","56841249100; 7007068246; 8905210000; 55043074000","Medium-Term Probabilistic Forecasting of Electricity Prices: A Hybrid Approach","2017","IEEE Transactions on Power Systems","32","1","7450641","334","343","9","41","10.1109/TPWRS.2016.2552983","https://www.scopus.com/inward/record.uri?eid=2-s2.0-85008476033&doi=10.1109%2fTPWRS.2016.2552983&partnerID=40&md5=133732ae595db98a7897b18322bd2b9e","Article","Final","","Scopus","2-s2.0-85008476033"
"Nowotarski J.; Weron R.","Nowotarski, Jakub (55683723200); Weron, Rafał (6603869283)","55683723200; 6603869283","Recent advances in electricity price forecasting: A review of probabilistic forecasting","2018","Renewable and Sustainable Energy Reviews","81","","","1548","1568","20","320","10.1016/j.rser.2017.05.234","https://www.scopus.com/inward/record.uri?eid=2-s2.0-85020812142&doi=10.1016%2fj.rser.2017.05.234&partnerID=40&md5=f8be6d28c4974382d91037b62269a81b","Review","Final","All Open Access; Green Open Access","Scopus","2-s2.0-85020812142"
"Tahmasebifar R.; Sheikh-El-Eslami M.K.; Kheirollahi R.","Tahmasebifar, Reza (57194775879); Sheikh-El-Eslami, Mohammad Kazem (8876806700); Kheirollahi, Reza (57191220945)","57194775879; 8876806700; 57191220945","Point and interval forecasting of real-time and day-ahead electricity prices by a novel hybrid approach","2017","IET Generation, Transmission and Distribution","11","9","","2173","2183","10","39","10.1049/iet-gtd.2016.1396","https://www.scopus.com/inward/record.uri?eid=2-s2.0-85022051330&doi=10.1049%2fiet-gtd.2016.1396&partnerID=40&md5=15d2b5127ca63553e9d839feb4a00fa6","Article","Final","","Scopus","2-s2.0-85022051330"
"Wan C.; Xu Z.; Wang Y.; Dong Z.Y.; Wong K.P.","Wan, Can (43361929700); Xu, Zhao (55764069000); Wang, Yelei (57767907000); Dong, Zhao Yang (56608244300); Wong, Kit Po (16556980900)","43361929700; 55764069000; 57767907000; 56608244300; 16556980900","A hybrid approach for probabilistic forecasting of electricity price","2014","IEEE Transactions on Smart Grid","5","1","6596510","463","470","7","179","10.1109/TSG.2013.2274465","https://www.scopus.com/inward/record.uri?eid=2-s2.0-84892566521&doi=10.1109%2fTSG.2013.2274465&partnerID=40&md5=badee54ff3fe2a277a173eeb06814587","Article","Final","","Scopus","2-s2.0-84892566521"
"Zhang L.; Luh P.B.","Zhang, Li (35243587900); Luh, Peter B. (7005295546)","35243587900; 7005295546","Neural network-based market clearing price prediction and confidence interval estimation with an improved extended Kalman filter method","2005","IEEE Transactions on Power Systems","20","1","","59","66","7","179","10.1109/TPWRS.2004.840416","https://www.scopus.com/inward/record.uri?eid=2-s2.0-13844320129&doi=10.1109%2fTPWRS.2004.840416&partnerID=40&md5=2287c4c551259ac944a4251e57468d43","Article","Final","","Scopus","2-s2.0-13844320129"
"Wan C.; Niu M.; Song Y.; Xu Z.","Wan, Can (43361929700); Niu, Ming (55452219800); Song, Yonghua (55522831400); Xu, Zhao (55764069000)","43361929700; 55452219800; 55522831400; 55764069000","Pareto Optimal Prediction Intervals of Electricity Price","2017","IEEE Transactions on Power Systems","32","1","7448478","817","819","2","56","10.1109/TPWRS.2016.2550867","https://www.scopus.com/inward/record.uri?eid=2-s2.0-85008474334&doi=10.1109%2fTPWRS.2016.2550867&partnerID=40&md5=2a6d0edef7dc6eb5a0b7b6b8c35d0c6d","Article","Final","","Scopus","2-s2.0-85008474334"
"Bo R.; Li F.","Bo, Rui (35823727400); Li, Fangxing (35242811000)","35823727400; 35242811000","Probabilistic LMP forecasting under AC optimal power flow framework: Theory and applications","2012","Electric Power Systems Research","88","","","16","24","8","8","10.1016/j.epsr.2012.01.013","https://www.scopus.com/inward/record.uri?eid=2-s2.0-84857943224&doi=10.1016%2fj.epsr.2012.01.013&partnerID=40&md5=f34a924391631d24bd9cf38cb13a07cf","Article","Final","","Scopus","2-s2.0-84857943224"
"Alonso A.M.; Rodríguez J.; García-Martos C.; Jesús Sánchez M.","Alonso, Andrés M. (56228341500); Rodríguez, Julio (55710262100); García-Martos, Carolina (16309440200); Jesús Sánchez, María (39861724900)","56228341500; 55710262100; 16309440200; 39861724900","Seasonal dynamic factor analysis and bootstrap inference: Application to electricity market forecasting","2011","Technometrics","53","2","","137","151","14","37","10.1198/TECH.2011.09050","https://www.scopus.com/inward/record.uri?eid=2-s2.0-79958757128&doi=10.1198%2fTECH.2011.09050&partnerID=40&md5=d843399e5803b6121e2f5b32624b93eb","Article","Final","All Open Access; Green Open Access","Scopus","2-s2.0-79958757128"
"Rafiei M.; Niknam T.; Khooban M.-H.","Rafiei, Mehdi (57188689465); Niknam, Taher (9742806100); Khooban, Mohammad-Hassan (55326601700)","57188689465; 9742806100; 55326601700","Probabilistic Forecasting of Hourly Electricity Price by Generalization of ELM for Usage in Improved Wavelet Neural Network","2017","IEEE Transactions on Industrial Informatics","13","1","7500086","71","79","8","107","10.1109/TII.2016.2585378","https://www.scopus.com/inward/record.uri?eid=2-s2.0-85013350175&doi=10.1109%2fTII.2016.2585378&partnerID=40&md5=0c1c0ac1c9551cf0a7f98e551905bcc8","Article","Final","","Scopus","2-s2.0-85013350175"
"Wu H.C.; Chan S.C.; Tsui K.M.; Hou Y.","Wu, H.C. (55703627900); Chan, S.C. (13310287100); Tsui, K.M. (7101671591); Hou, Yunhe (7402198555)","55703627900; 13310287100; 7101671591; 7402198555","A new recursive dynamic factor analysis for point and interval forecast of electricity price","2013","IEEE Transactions on Power Systems","28","3","6401218","2352","2365","13","42","10.1109/TPWRS.2012.2232314","https://www.scopus.com/inward/record.uri?eid=2-s2.0-84880916459&doi=10.1109%2fTPWRS.2012.2232314&partnerID=40&md5=5a6cabfa6a50db8c82dee629acfaf971","Article","Final","","Scopus","2-s2.0-84880916459"
"Shrivastava N.A.; Khosravi A.; Panigrahi B.K.","Shrivastava, Nitin Anand (36101814000); Khosravi, Abbas (56234594800); Panigrahi, Bijaya Ketan (25637555100)","36101814000; 56234594800; 25637555100","Prediction interval estimation for electricity price and demand using support vector machines","2014","Proceedings of the International Joint Conference on Neural Networks","","","6889745","3995","4002","7","6","10.1109/IJCNN.2014.6889745","https://www.scopus.com/inward/record.uri?eid=2-s2.0-84908469351&doi=10.1109%2fIJCNN.2014.6889745&partnerID=40&md5=4c04597bf6e3d90892f858ba63a5665e","Conference paper","Final","","Scopus","2-s2.0-84908469351"
"Maciejowska K.; Nowotarski J.; Weron R.","Maciejowska, Katarzyna (34872957400); Nowotarski, Jakub (55683723200); Weron, Rafał (6603869283)","34872957400; 55683723200; 6603869283","Probabilistic forecasting of electricity spot prices using Factor Quantile Regression Averaging","2016","International Journal of Forecasting","32","3","","957","965","8","101","10.1016/j.ijforecast.2014.12.004","https://www.scopus.com/inward/record.uri?eid=2-s2.0-84926669289&doi=10.1016%2fj.ijforecast.2014.12.004&partnerID=40&md5=5c70623db841b209ab7e4e1e361d09ea","Article","Final","","Scopus","2-s2.0-84926669289"
"Weron R.; Misiorek A.","Weron, Rafał (6603869283); Misiorek, Adam (14522999300)","6603869283; 14522999300","Forecasting spot electricity prices: A comparison of parametric and semiparametric time series models","2008","International Journal of Forecasting","24","4","","744","763","19","250","10.1016/j.ijforecast.2008.08.004","https://www.scopus.com/inward/record.uri?eid=2-s2.0-55349112144&doi=10.1016%2fj.ijforecast.2008.08.004&partnerID=40&md5=4d6ca4c1be5122a0b66b0940cda5e64e","Article","Final","All Open Access; Green Open Access","Scopus","2-s2.0-55349112144"
"Zhang L.; Luh P.B.","Zhang, Li (35243587900); Luh, Peter B. (7005295546)","35243587900; 7005295546","An integrated neural network method for market clearing price prediction and confidence interval estimation","2002","Proceedings of the World Congress on Intelligent Control and Automation (WCICA)","3","","","2045","2050","5","11","","https://www.scopus.com/inward/record.uri?eid=2-s2.0-0036951785&partnerID=40&md5=abf73d9002f8e920ce2b7bff1443527f","Conference paper","Final","","Scopus","2-s2.0-0036951785"
